City_ID,City,Country,Date,Lat,Lng,Max Temp,Humidity,Cloudiness,Wind Speed
0,Azuaga,ES,2020-01-04 02:09:08,38.26,-5.68,39.99,91,0,4.0
1,Vestmannaeyjar,IS,2020-01-04 02:09:08,63.44,-20.27,33.89,71,100,37.31
2,Praia Da Vitoria,PT,2020-01-04 02:09:09,38.73,-27.07,55.4,82,75,17.6
3,Busselton,AU,2020-01-04 02:09:07,-33.64,115.35,73.0,22,26,2.39
4,Atuona,PF,2020-01-04 02:09:09,-9.8,-139.03,80.44,73,0,15.73
5,Ushuaia,AR,2020-01-04 02:09:09,-54.81,-68.31,48.2,70,75,14.99
6,Artyom,RU,2020-01-04 02:09:09,43.36,132.19,15.8,61,0,2.24
7,Jamestown,AU,2020-01-04 02:09:08,-33.21,138.6,77.76,42,0,19.73
8,Chuy,UY,2020-01-04 02:09:10,-33.69,-53.46,65.28,82,0,7.96
9,Katsuura,JP,2020-01-04 02:09:10,33.93,134.5,57.0,53,40,9.17
10,Rio Cuarto,AR,2020-01-04 02:06:52,-33.13,-64.35,73.4,60,0,13.87
11,Rikitea,PF,2020-01-04 02:09:10,-23.12,-134.97,79.14,78,94,12.19
12,Cape Town,ZA,2020-01-04 02:09:10,-33.93,18.42,66.0,88,19,16.11
13,Poum,MK,2020-01-04 02:09:10,41.28,20.71,33.39,30,0,1.54
14,Norman Wells,CA,2020-01-04 02:09:11,65.28,-126.83,-25.6,74,20,2.24
15,Neuquen,AR,2020-01-04 02:09:11,-38.95,-68.06,89.6,15,40,18.34
16,Yichang,CN,2020-01-04 02:09:11,30.77,111.32,46.38,52,100,0.45
17,Porto Belo,BR,2020-01-04 02:09:11,-27.15,-48.54,73.4,94,75,11.41
18,Dikson,RU,2020-01-04 02:09:11,73.51,80.55,-9.45,94,6,13.2
19,Nikolskoye,RU,2020-01-04 02:09:11,59.7,30.79,37.4,74,40,8.95
20,Fuerte Olimpo,BR,2020-01-04 02:09:12,-21.04,-57.87,77.18,63,0,3.38
21,Puerto Ayora,EC,2020-01-04 02:09:12,-0.74,-90.35,75.0,83,12,3.0
22,Bambous Virieux,MU,2020-01-04 02:09:12,-20.34,57.76,77.0,94,75,12.86
23,Barrow,AR,2020-01-04 02:09:12,-38.31,-60.23,69.75,65,0,12.68
24,Hilo,US,2020-01-04 02:09:12,19.71,-155.08,82.4,58,1,9.17
25,Punta Arenas,CL,2020-01-04 02:09:13,-53.16,-70.91,51.8,62,75,6.93
26,Mataura,NZ,2020-01-04 02:09:13,-46.19,168.86,54.0,64,35,20.0
27,Mahebourg,MU,2020-01-04 02:09:13,-20.41,57.7,77.0,94,75,7.92
28,Ahipara,NZ,2020-01-04 02:09:13,-35.17,173.16,62.73,73,47,20.62
29,Sterling,US,2020-01-04 02:08:53,39.0,-77.4,55.0,100,90,5.64
30,Upernavik,GL,2020-01-04 02:09:14,72.79,-56.15,-13.41,97,100,17.85
31,Viedma,AR,2020-01-04 02:09:14,-40.81,-62.99,78.1,42,3,18.61
32,Ayorou,NE,2020-01-04 02:09:14,14.73,0.92,54.03,24,5,10.49
33,Bluff,AU,2020-01-04 02:09:14,-23.58,149.07,88.77,35,21,12.86
34,Ilulissat,GL,2020-01-04 02:09:14,69.22,-51.1,12.2,66,100,9.17
35,Hermanus,ZA,2020-01-04 02:09:14,-34.42,19.24,64.0,86,0,1.99
36,Kapaa,US,2020-01-04 02:09:15,22.08,-159.32,80.6,61,20,17.22
37,Tuktoyaktuk,CA,2020-01-04 02:09:15,69.44,-133.03,-22.0,74,20,12.75
38,Port Alfred,ZA,2020-01-04 02:09:15,-33.59,26.89,69.01,98,100,9.51
39,Sanmenxia,CN,2020-01-04 02:09:15,34.77,111.19,43.32,47,100,4.18
40,Itupiranga,BR,2020-01-04 02:09:15,-5.13,-49.33,78.8,100,100,6.29
41,Santa Isabel,MX,2020-01-04 02:09:15,32.63,-115.58,68.0,33,40,3.27
42,Saskylakh,RU,2020-01-04 02:09:15,71.97,114.09,-17.19,97,98,6.06
43,Oparino,RU,2020-01-04 02:09:16,59.85,48.28,30.49,92,100,10.94
44,Nichinan,JP,2020-01-04 02:09:16,31.65,131.31,51.8,50,20,6.93
45,Bredasdorp,ZA,2020-01-04 02:09:16,-34.53,20.04,68.0,68,8,1.12
46,Palaikastron,GR,2020-01-04 02:09:16,35.2,26.25,55.72,70,1,27.11
47,Westport,US,2020-01-04 02:05:26,41.14,-73.36,48.2,93,90,5.82
48,Lebu,ET,2020-01-04 02:09:16,8.96,38.73,50.31,84,0,2.13
49,Pringsewu,ID,2020-01-04 02:09:17,-5.36,104.98,84.49,68,100,1.99
50,Kavieng,PG,2020-01-04 02:09:14,-2.57,150.8,85.03,68,100,4.21
51,Srednekolymsk,RU,2020-01-04 02:09:17,67.46,153.71,0.79,71,43,2.57
52,Mlowo,TZ,2020-01-04 02:09:17,-9.01,33.0,59.54,90,100,1.45
53,Mar Del Plata,AR,2020-01-04 02:09:17,-46.43,-67.52,62.35,59,13,12.84
54,Nouadhibou,MR,2020-01-04 02:09:17,20.93,-17.03,64.4,31,100,14.99
55,Khatanga,RU,2020-01-04 02:09:18,71.98,102.47,-2.99,98,100,5.06
56,Vaini,IN,2020-01-04 02:09:18,15.34,74.49,51.8,100,40,1.45
57,Pevek,RU,2020-01-04 02:09:18,69.7,170.27,-1.75,61,0,4.81
58,Clyde River,CA,2020-01-04 02:09:18,70.47,-68.59,-29.2,66,1,5.82
59,Saint-Philippe,CA,2020-01-04 02:09:18,45.36,-73.48,41.0,100,90,5.26
60,Mattawa,CA,2020-01-04 02:06:13,46.32,-78.7,34.0,86,90,5.82
61,Alexandria,RO,2020-01-04 02:09:13,43.97,25.33,19.99,79,0,8.86
62,Campbell River,CA,2020-01-04 02:09:19,50.02,-125.24,48.2,93,90,28.86
63,Los Llanos De Aridane,ES,2020-01-04 02:09:19,28.66,-17.92,62.6,55,52,10.29
64,Filadelfia,PY,2020-01-04 02:09:19,-22.35,-60.04,77.76,49,0,5.61
65,Luwingu,ZM,2020-01-04 02:09:19,-10.26,29.92,62.42,96,100,2.01
66,Marsh Harbour,BS,2020-01-04 02:09:19,26.54,-77.06,76.21,82,58,14.54
67,General Roca,AR,2020-01-04 02:09:19,-39.03,-67.58,89.6,15,40,18.34
68,Ferkessedougou,CI,2020-01-04 02:09:20,9.6,-5.2,61.54,15,0,7.02
69,Vostok,RU,2020-01-04 02:09:20,46.45,135.83,0.37,83,0,3.94
70,Solnechnyy,RU,2020-01-04 02:09:20,50.72,136.64,-2.63,89,0,3.71
71,Tura,RU,2020-01-04 02:09:20,64.27,100.22,-6.57,99,100,1.12
72,Port Elizabeth,US,2020-01-04 02:09:20,39.31,-74.98,50.0,93,90,3.87
73,Hobart,AU,2020-01-04 02:09:20,-42.88,147.33,80.6,34,93,21.92
74,Veraval,FR,2020-01-04 02:09:20,49.65,0.71,44.6,93,72,3.36
75,Kharp,RU,2020-01-04 02:09:21,66.82,65.8,-1.21,99,100,5.23
76,Albany,US,2020-01-04 02:08:41,42.65,-73.75,43.0,93,90,1.63
77,Tiksi,RU,2020-01-04 02:09:21,71.64,128.87,-17.55,85,100,8.41
78,Longyearbyen,NO,2020-01-04 02:09:21,78.22,15.63,6.8,55,75,16.11
79,Sitka,US,2020-01-04 02:09:21,37.17,-99.65,33.01,66,0,6.31
80,Coquimbo,CL,2020-01-04 02:09:22,-29.95,-71.34,60.8,82,90,3.36
81,Fortuna,US,2020-01-04 02:09:21,40.6,-124.16,57.0,54,1,3.36
82,Roura,GF,2020-01-04 02:06:05,4.73,-52.33,78.8,83,100,3.36
83,Lompoc,US,2020-01-04 02:09:22,34.64,-120.46,62.6,41,1,6.93
84,Mantua,IT,2020-01-04 02:09:22,45.16,10.79,45.0,88,40,2.24
85,Petropavlovsk-Kamchatskiy,RU,2020-01-04 02:09:22,53.05,158.65,14.0,85,75,6.71
86,Pedernales,EC,2020-01-04 02:09:22,0.07,-80.05,73.36,92,100,3.24
87,Naze,NG,2020-01-04 02:09:23,5.43,7.07,72.54,26,98,8.84
88,Castro,CL,2020-01-04 02:09:20,-42.48,-73.76,53.6,66,4,11.41
89,Port Hedland,AU,2020-01-04 02:09:23,-20.31,118.58,93.2,46,40,10.29
90,Yellowknife,CA,2020-01-04 02:08:26,62.45,-114.38,-5.8,76,40,6.93
91,Athens,GR,2020-01-04 02:07:31,37.98,23.73,48.2,36,20,3.36
92,Samarai,PG,2020-01-04 02:09:23,-10.62,150.67,85.1,71,89,4.99
93,Dingle,PH,2020-01-04 02:09:24,11.0,122.67,79.39,83,47,13.11
94,Puerto Montt,CL,2020-01-04 02:09:24,-41.47,-72.94,57.2,87,75,11.41
95,Berlevag,NO,2020-01-04 02:09:24,70.86,29.09,36.09,78,43,21.36
96,Saint George,GR,2020-01-04 02:04:30,39.45,22.34,37.0,85,0,1.88
97,Sieradz,PL,2020-01-04 02:09:24,51.6,18.74,42.01,93,75,13.87
98,Carutapera,BR,2020-01-04 02:09:24,-1.2,-46.02,82.02,77,6,8.39
99,Avarua,CK,2020-01-04 02:09:25,-21.21,-159.78,80.6,74,8,16.11
100,Chuzhou,CN,2020-01-04 02:09:25,32.25,118.33,46.99,94,100,4.34
101,Darhan,MN,2020-01-04 02:09:25,49.49,105.92,4.23,79,0,1.81
102,Noumea,NC,2020-01-04 02:08:46,-22.28,166.46,89.6,46,20,18.34
103,Zhanakorgan,KZ,2020-01-04 02:09:25,43.91,67.25,35.78,95,100,12.55
104,Vila Velha,BR,2020-01-04 02:09:25,-3.71,-38.6,86.0,78,20,4.7
105,Airai,TL,2020-01-04 02:09:26,-8.93,125.41,69.31,92,100,6.33
106,Grand-Santi,GF,2020-01-04 02:09:26,4.27,-54.38,69.82,96,55,1.59
107,Qaanaaq,GL,2020-01-04 02:09:15,77.48,-69.36,-40.36,97,100,5.57
108,Abha,SA,2020-01-04 02:09:26,18.22,42.5,55.4,62,85,1.01
109,Fasa,IR,2020-01-04 02:09:26,28.94,53.65,48.2,93,90,4.5
110,Fuerte,PH,2020-01-04 02:09:26,17.54,120.36,82.49,53,0,5.1
111,Thompson,CA,2020-01-04 02:09:26,55.74,-97.86,6.8,84,20,5.82
112,Arraial Do Cabo,BR,2020-01-04 02:09:27,-22.97,-42.02,77.0,88,75,4.7
113,Codrington,AU,2020-01-04 02:09:27,-28.95,153.24,91.4,29,0,6.93
114,Usinsk,RU,2020-01-04 02:09:27,66.0,57.56,32.52,97,100,16.58
115,Carnarvon,ZA,2020-01-04 02:09:27,-30.97,22.13,61.65,79,0,8.57
116,Taltal,CL,2020-01-04 02:09:27,-25.41,-70.49,56.98,90,1,1.45
117,Manuk Mangkaw,PH,2020-01-04 02:09:27,4.8,119.85,82.87,75,89,12.3
118,Mount Gambier,AU,2020-01-04 02:09:28,-37.83,140.78,60.8,72,75,18.34
119,Hervey Bay,AU,2020-01-04 02:09:28,-25.3,152.85,86.0,48,40,8.05
120,Nanortalik,GL,2020-01-04 02:09:28,60.14,-45.24,28.45,63,100,5.86
121,Hasaki,JP,2020-01-04 02:06:52,35.73,140.83,50.0,52,75,8.05
122,Fairbanks,US,2020-01-04 02:09:28,64.84,-147.72,-23.8,67,1,4.14
123,Arraias,BR,2020-01-04 02:09:28,-12.93,-46.94,69.62,98,100,5.08
124,Vila Franca Do Campo,PT,2020-01-04 02:09:28,37.72,-25.43,62.6,77,75,9.17
125,Imeni Poliny Osipenko,RU,2020-01-04 02:09:29,52.42,136.49,-3.71,87,0,5.32
126,Kodiak,US,2020-01-04 02:09:29,39.95,-94.76,37.4,64,40,12.75
127,Ocampo,MX,2020-01-04 02:09:29,27.32,-102.4,40.42,72,0,4.81
128,Santa Cecilia,CR,2020-01-04 02:09:29,9.85,-84.31,71.6,94,40,4.7
129,Modakeke,NG,2020-01-04 02:09:29,7.38,4.27,65.07,24,83,3.96
130,Todos Santos,MX,2020-01-04 02:09:30,23.45,-110.23,71.01,63,5,9.17
131,Butaritari,KI,2020-01-04 02:09:11,3.07,172.79,84.0,74,100,8.01
132,Georgetown,GY,2020-01-04 02:09:30,6.8,-58.16,80.6,78,20,6.93
133,Narasannapeta,IN,2020-01-04 02:09:30,18.42,84.04,71.51,80,71,1.86
134,Meulaboh,ID,2020-01-04 02:09:30,4.14,96.13,80.24,77,0,5.19
135,New Norfolk,AU,2020-01-04 02:09:16,-42.78,147.06,80.6,34,36,21.92
136,Pochutla,MX,2020-01-04 02:09:31,15.74,-96.47,80.6,74,40,3.36
137,Khandyga,RU,2020-01-04 02:09:31,62.65,135.58,-28.34,94,0,0.78
138,Buraydah,SA,2020-01-04 02:09:31,26.33,43.97,55.4,76,40,4.7
139,Vyartsilya,RU,2020-01-04 02:09:31,62.18,30.69,28.72,75,30,6.91
140,Contamana,PE,2020-01-04 02:09:31,-7.35,-75.01,74.03,96,56,4.61
141,Leningradskiy,RU,2020-01-04 02:09:32,69.38,178.42,-6.61,74,85,10.36
142,Mehamn,NO,2020-01-04 02:09:32,71.03,27.85,31.28,83,85,14.9
143,Sioux Lookout,CA,2020-01-04 02:09:32,50.1,-91.92,15.8,92,90,6.93
144,Taylorville,US,2020-01-04 02:09:32,39.55,-89.29,37.0,80,90,5.82
145,San Patricio,PY,2020-01-04 02:09:32,-26.98,-56.83,72.9,64,0,4.72
146,Ajaccio,FR,2020-01-04 02:09:32,41.93,8.74,57.2,76,90,3.36
147,Ponta Do Sol,BR,2020-01-04 02:09:33,-20.63,-46.0,67.51,96,100,3.76
148,Nishihara,JP,2020-01-04 02:09:33,35.74,139.53,53.01,46,75,19.46
149,Taldan,RU,2020-01-04 02:09:33,53.69,124.82,-4.09,86,0,5.97
150,North Platte,US,2020-01-04 02:09:07,41.12,-100.77,30.99,80,90,4.79
151,Mount Pleasant,US,2020-01-04 02:08:42,33.16,-94.97,53.01,62,1,8.05
152,Victoria,BN,2020-01-04 02:09:06,5.28,115.24,84.2,74,75,5.82
153,Yantzaza,EC,2020-01-04 02:09:34,-3.83,-78.76,57.18,98,70,1.07
154,Axim,GH,2020-01-04 02:09:34,4.87,-2.24,72.34,60,44,3.62
155,College,US,2020-01-04 02:09:34,64.86,-147.8,-23.8,67,1,3.83
156,Provideniya,RU,2020-01-04 02:09:24,64.42,-173.23,-14.26,72,0,9.13
157,Rio Gallegos,AR,2020-01-04 02:06:08,-51.62,-69.22,51.8,57,20,14.99
158,Broome,GB,2020-01-04 02:09:35,52.47,1.45,41.0,86,66,11.41
159,Swinoujscie,PL,2020-01-04 02:09:35,53.91,14.25,37.99,93,75,10.29
160,Iracoubo,GF,2020-01-04 02:09:35,5.48,-53.21,79.97,80,100,13.89
161,Gewane,ET,2020-01-04 02:09:35,10.16,40.66,72.97,66,0,8.66
162,Klaksvik,FO,2020-01-04 02:09:35,62.23,-6.59,32.0,70,65,13.87
163,Kieta,PG,2020-01-04 02:09:36,-6.22,155.63,84.4,63,100,2.89
164,Shagonar,RU,2020-01-04 02:09:36,51.54,92.92,-15.05,98,70,1.23
165,Hithadhoo,MV,2020-01-04 02:05:31,-0.6,73.08,82.8,68,0,1.5
166,Tautira,PF,2020-01-04 02:09:36,-17.73,-149.15,86.0,66,75,13.87
167,Razdolinsk,RU,2020-01-04 02:09:36,58.42,94.62,19.0,94,99,8.72
168,Semporna,MY,2020-01-04 02:09:36,4.48,118.61,78.8,88,75,3.36
169,Nago,IT,2020-01-04 02:09:37,45.88,10.89,37.99,100,18,3.36
170,Sisimiut,GL,2020-01-04 02:04:59,66.94,-53.67,12.45,78,100,4.18
171,Gigmoto,PH,2020-01-04 02:09:37,13.78,124.39,81.21,77,6,22.57
172,Ribeira Grande,PT,2020-01-04 02:09:36,38.52,-28.7,61.02,92,87,14.85
173,Ancud,CL,2020-01-04 02:09:32,-41.87,-73.83,53.6,66,0,11.41
174,Ugoofaaru,MV,2020-01-04 02:09:38,5.67,73.0,82.78,77,97,12.75
175,Monrovia,LR,2020-01-04 02:09:38,6.33,-10.8,69.8,94,20,3.36
176,Arman,RU,2020-01-04 02:09:38,59.7,150.17,23.16,72,76,40.58
177,Hofn,IS,2020-01-04 02:09:38,64.25,-15.21,31.59,65,100,10.87
178,Port Lincoln,AU,2020-01-04 02:09:15,-34.72,135.86,62.53,66,100,13.6
179,Bere,ID,2020-01-04 02:09:38,-8.54,120.44,72.16,96,100,6.53
180,Kruisfontein,ZA,2020-01-04 02:09:38,-34.0,24.73,67.75,93,98,3.53
181,Puerto Carreno,CO,2020-01-04 02:05:37,6.19,-67.49,82.4,69,56,5.59
182,Ostrovnoy,RU,2020-01-04 02:09:39,68.05,39.51,22.91,84,100,27.4
183,Tuatapere,NZ,2020-01-04 02:09:39,-46.13,167.69,54.0,64,53,20.0
184,Mumford,GH,2020-01-04 02:09:39,5.26,-0.76,70.5,45,80,4.85
185,Ikongo,MG,2020-01-04 02:09:39,-21.88,47.44,71.78,97,8,1.19
186,Shuangyang,CN,2020-01-04 02:09:39,25.0,118.61,69.98,58,0,3.2
187,Kupang,ID,2020-01-04 02:09:40,-10.16,123.6,80.6,88,90,3.36
188,Byron Bay,AU,2020-01-04 02:09:40,-28.65,153.62,91.4,58,0,17.22
189,Aklavik,CA,2020-01-04 02:09:40,68.22,-135.01,-18.4,68,90,3.36
190,Zhigansk,RU,2020-01-04 02:09:40,66.77,123.37,-21.48,90,100,15.32
191,Kaitangata,NZ,2020-01-04 02:09:40,-46.28,169.85,50.25,72,92,34.54
192,Hailar,CN,2020-01-04 02:09:41,49.2,119.7,-0.17,96,5,7.11
193,Maralal,KE,2020-01-04 02:09:41,1.1,36.7,61.21,84,100,6.87
194,Chokurdakh,RU,2020-01-04 02:09:16,70.62,147.9,-18.78,97,46,4.81
195,Awbari,LY,2020-01-04 02:09:41,26.59,12.77,40.73,82,0,2.93
196,Rameswaram,IN,2020-01-04 02:09:42,9.28,79.3,80.92,80,1,8.66
197,Marawi,PH,2020-01-04 02:09:42,8.0,124.29,81.0,74,23,5.99
198,Khao Yoi,TH,2020-01-04 02:09:42,13.24,99.82,89.01,73,0,8.97
199,Sao Miguel Do Araguaia,BR,2020-01-04 02:09:42,-13.28,-50.16,73.33,96,100,6.04
200,Nome,US,2020-01-04 02:09:42,30.04,-94.42,57.2,82,1,10.29
201,Hami,CN,2020-01-04 02:09:43,42.84,93.51,19.15,55,0,2.3
202,Namibe,AO,2020-01-04 02:09:43,-15.19,12.15,71.92,96,100,6.53
203,Conde,BR,2020-01-04 02:07:03,-11.81,-37.61,80.62,80,100,8.66
204,Talnakh,RU,2020-01-04 02:09:43,69.49,88.39,-4.0,76,100,15.66
205,Faanui,PF,2020-01-04 02:09:43,-16.48,-151.75,81.48,78,70,10.71
206,Paka,CF,2020-01-04 02:09:44,4.15,15.03,62.44,35,87,1.61
207,Velingara,SN,2020-01-04 02:09:44,13.64,-16.01,69.3,11,25,10.33
208,Williams Lake,CA,2020-01-04 02:09:44,52.13,-122.14,39.2,77,75,23.04
209,Harper,US,2020-01-04 02:09:44,30.3,-99.24,50.0,56,1,9.95
210,Puerto Wilches,CO,2020-01-04 02:09:44,7.35,-73.9,75.18,85,0,2.37
211,Ust-Tsilma,RU,2020-01-04 02:09:44,65.44,52.15,34.27,97,100,10.87
212,Buala,SB,2020-01-04 02:09:45,-8.15,159.59,84.09,77,97,6.96
213,Smithers,CA,2020-01-04 02:05:43,54.78,-127.17,24.8,92,90,5.82
214,Comodoro Rivadavia,AR,2020-01-04 02:09:45,-45.87,-67.48,75.2,46,26,24.16
215,San Quintin,PH,2020-01-04 02:09:45,17.54,120.52,82.49,53,0,5.1
216,Grand Gaube,MU,2020-01-04 02:09:45,-20.01,57.66,77.0,94,75,9.33
217,Kiama,AU,2020-01-04 02:09:45,-34.67,150.86,105.8,24,3,11.41
218,Deputatskiy,RU,2020-01-04 02:09:28,69.3,139.9,-19.03,96,0,0.81
219,Borskoye,RU,2020-01-04 02:09:46,53.03,51.7,28.24,92,100,14.94
220,Natal,BR,2020-01-04 02:09:46,-5.81,-35.21,80.6,78,40,8.05
221,Lakatoro,VU,2020-01-04 02:09:46,-16.11,167.42,86.0,77,13,10.29
222,Tasiilaq,GL,2020-01-04 02:09:32,65.61,-37.64,21.2,31,100,18.34
223,Cidreira,BR,2020-01-04 02:09:46,-30.17,-50.22,73.06,78,9,25.01
224,Hay River,CA,2020-01-04 02:09:47,60.82,-115.79,-16.6,75,75,0.83
225,Dickinson,US,2020-01-04 02:09:13,46.88,-102.79,15.01,92,1,5.82
226,Bethel,US,2020-01-04 02:09:48,60.79,-161.76,-9.4,76,1,14.99
227,Nan,TH,2020-01-04 02:09:48,18.78,100.78,64.4,93,34,1.99
228,Banda Aceh,ID,2020-01-04 02:09:48,5.56,95.32,83.44,65,0,7.63
229,Pocos De Caldas,BR,2020-01-04 02:09:48,-21.79,-46.56,62.08,96,100,5.39
230,Powell River,CA,2020-01-04 02:09:48,49.84,-124.52,51.01,93,90,28.86
231,Port Macquarie,AU,2020-01-04 02:09:41,-31.43,152.91,105.01,32,0,6.93
232,Dunedin,NZ,2020-01-04 02:09:48,-45.87,170.5,57.0,45,73,34.0
233,Geraldton,CA,2020-01-04 02:09:49,49.72,-86.95,15.8,85,90,2.13
234,Makakilo City,US,2020-01-04 02:09:49,21.35,-158.09,80.6,88,90,13.91
235,Aksarka,RU,2020-01-04 02:08:12,66.56,67.8,4.69,96,91,10.16
236,Fallon,US,2020-01-04 02:09:49,46.84,-105.12,28.4,74,90,4.7
237,Dubreuil,HT,2020-01-04 02:09:49,19.61,-72.2,66.25,90,14,1.32
238,Iskateley,RU,2020-01-04 02:09:49,67.68,53.15,34.05,98,100,20.02
239,Gravdal,NO,2020-01-04 02:09:49,59.79,5.78,37.99,64,100,27.51
240,Demirci,TR,2020-01-04 02:09:50,39.05,28.66,30.85,66,100,5.37
241,Sao Gabriel Da Cachoeira,BR,2020-01-04 02:09:50,-0.13,-67.09,73.74,83,18,1.95
242,San Policarpo,PH,2020-01-04 02:09:50,12.18,125.51,81.01,80,100,17.09
243,Somerset West,ZA,2020-01-04 02:09:50,-34.08,18.85,66.0,88,3,16.11
244,Whitianga,NZ,2020-01-04 02:09:50,-36.83,175.7,70.0,58,100,17.0
245,Illela,NG,2020-01-04 02:09:50,12.25,4.3,58.44,20,0,15.32
246,Lavrentiya,RU,2020-01-04 02:09:51,65.58,-170.99,-14.91,93,88,9.62
247,Bata,GQ,2020-01-04 02:09:51,1.87,9.77,74.71,82,100,0.51
248,Anuradhapura,LK,2020-01-04 02:09:51,8.34,80.41,79.14,84,14,5.88
249,Opuwo,NA,2020-01-04 02:09:51,-18.06,13.84,67.73,86,64,2.01
250,Mollendo,PE,2020-01-04 02:09:51,-17.03,-72.02,67.98,84,81,4.65
251,East London,ZA,2020-01-04 02:09:52,-33.02,27.91,75.0,96,85,9.42
252,Belmonte,PT,2020-01-04 02:09:52,40.36,-7.35,44.01,80,1,2.53
253,Port Hardy,CA,2020-01-04 02:09:52,50.7,-127.42,44.6,87,75,19.46
254,Mikkeli,FI,2020-01-04 02:09:52,61.69,27.27,32.0,67,6,8.05
255,Bonthe,SL,2020-01-04 02:09:52,7.53,-12.5,75.2,72,1,2.98
256,Kununurra,AU,2020-01-04 02:09:21,-15.77,128.74,80.6,83,40,10.29
257,Iralaya,HN,2020-01-04 02:09:53,15.0,-83.23,81.36,81,34,11.61
258,Abnub,EG,2020-01-04 02:09:53,27.27,31.15,44.6,75,0,10.29
259,Iqaluit,CA,2020-01-04 02:09:53,63.75,-68.52,6.8,84,75,4.7
260,Ihlow,DE,2020-01-04 02:09:53,52.62,14.07,41.0,93,75,16.11
261,Koumra,TD,2020-01-04 02:09:53,8.92,17.55,61.29,29,42,8.08
262,Morondava,MG,2020-01-04 02:09:53,-20.3,44.28,74.66,94,6,3.18
263,Riyadh,SA,2020-01-04 02:09:51,24.63,46.72,68.0,37,0,5.82
264,Innisfail,AU,2020-01-04 02:09:54,-17.52,146.03,86.0,57,14,8.99
265,Lusambo,CD,2020-01-04 02:09:54,-4.97,23.44,67.6,97,100,1.63
266,Palauig,PH,2020-01-04 02:09:54,15.44,119.9,82.8,50,0,4.56
267,Ulaangom,MN,2020-01-04 02:09:54,49.98,92.07,-13.72,87,0,1.36
268,Lazaro Cardenas,MX,2020-01-04 02:09:54,28.39,-105.62,43.0,60,5,3.36
269,Caravelas,BR,2020-01-04 02:09:54,-17.73,-39.27,73.49,95,100,11.18
270,Shache,CN,2020-01-04 02:09:54,38.42,77.24,24.39,60,100,3.27
271,Cape Coast,GH,2020-01-04 02:09:34,5.11,-1.24,80.26,56,59,8.32
272,Severo-Kurilsk,RU,2020-01-04 02:09:55,50.68,156.12,25.14,81,100,16.58
273,Okato,NZ,2020-01-04 02:09:55,-39.19,173.88,61.0,51,100,21.99
274,Lorengau,PG,2020-01-04 02:09:55,-2.02,147.27,84.7,72,94,5.97
275,Dawson Creek,CA,2020-01-04 02:09:55,55.76,-120.23,17.6,92,90,8.05
276,Bonavista,CA,2020-01-04 02:09:55,48.65,-53.11,25.5,85,53,13.96
277,Sakaraha,MG,2020-01-04 02:09:56,-22.91,44.53,74.34,75,0,2.84
278,Hearst,CA,2020-01-04 02:09:56,49.69,-83.67,2.26,98,84,3.0
279,Oswego,US,2020-01-04 02:06:32,37.17,-95.11,43.0,60,1,8.05
280,Mayahi,NE,2020-01-04 02:09:56,13.95,7.67,51.22,31,62,15.35
281,Jalu,LY,2020-01-04 02:09:56,29.03,21.55,49.84,88,48,8.95
282,Tual,ID,2020-01-04 02:07:06,-5.67,132.75,82.76,78,100,16.8
283,Vao,EE,2020-01-04 02:09:57,59.1,26.19,33.89,76,0,12.71
284,Ville-Marie,CA,2020-01-04 02:09:57,47.33,-79.44,28.4,79,90,8.05
285,Evensk,RU,2020-01-04 02:09:57,61.92,159.24,9.41,69,100,10.6
286,Coihaique,CL,2020-01-04 02:09:58,-45.58,-72.07,55.4,54,0,4.7
287,San Ramon De La Nueva Oran,AR,2020-01-04 02:09:58,-23.13,-64.33,77.0,81,62,3.69
288,Izvestkovyy,RU,2020-01-04 02:09:58,48.98,131.55,-2.16,75,0,6.71
289,Puerto Escondido,MX,2020-01-04 02:09:58,15.86,-97.07,80.6,74,40,3.36
290,Tanda,IN,2020-01-04 02:09:58,31.67,75.63,50.11,68,0,1.25
291,West Fargo,US,2020-01-04 02:09:58,46.88,-96.9,21.2,73,40,11.41
292,Thunder Bay,CA,2020-01-04 02:09:58,48.41,-89.26,21.99,85,90,3.36
293,Narsingi,IN,2020-01-04 02:09:59,18.04,78.43,68.0,94,75,6.44
294,Kudahuvadhoo,MV,2020-01-04 02:09:59,2.67,72.89,82.44,73,100,4.18
295,Elk,PL,2020-01-04 02:09:59,53.83,22.36,36.9,97,100,14.43
296,Rawson,AR,2020-01-04 02:09:19,-43.3,-65.11,69.17,58,0,21.94
297,Genhe,CN,2020-01-04 02:09:59,50.78,121.52,-2.97,87,0,3.67
298,Port Victoria,AU,2020-01-04 02:08:30,-34.5,137.49,65.86,60,67,18.54
299,Kathu,ZA,2020-01-04 02:09:59,-27.7,23.05,64.99,87,1,6.6
300,Banikoara,BJ,2020-01-04 02:07:03,11.3,2.44,59.54,20,0,8.41
301,Wuwei,CN,2020-01-04 02:10:00,37.93,102.64,27.84,49,79,8.08
302,Turkmenabat,TM,2020-01-04 02:10:00,39.09,63.58,32.0,88,75,7.36
303,New Port Richey,US,2020-01-04 02:09:46,28.24,-82.72,77.0,88,1,9.17
304,Saint Anthony,US,2020-01-04 02:10:00,43.97,-111.68,28.4,79,40,10.29
305,Prieska,ZA,2020-01-04 02:10:00,-29.67,22.74,69.64,30,0,0.72
306,Katangli,RU,2020-01-04 02:10:01,51.71,143.23,3.96,92,100,10.69
307,Padang,ID,2020-01-04 02:10:01,-0.92,100.36,80.6,64,41,3.56
308,Alofi,NU,2020-01-04 02:09:23,-19.06,-169.92,77.0,83,75,6.93
309,Kano,NG,2020-01-04 02:10:01,11.99,8.53,55.4,50,77,6.93
310,Acapulco,MX,2020-01-04 02:09:47,16.86,-99.88,80.6,78,40,5.82
311,Ozernovskiy,RU,2020-01-04 02:10:02,51.5,156.52,27.23,70,34,13.44
312,Malanje,AO,2020-01-04 02:10:02,-9.54,16.35,64.02,97,100,2.33
313,Sao Joao Da Barra,BR,2020-01-04 02:10:02,-21.64,-41.05,74.61,91,100,7.78
314,Usak,TR,2020-01-04 02:10:02,38.67,29.41,29.3,77,9,3.33
315,Nanakuli,US,2020-01-04 02:10:02,21.39,-158.15,80.6,88,90,13.91
316,Marystown,CA,2020-01-04 02:10:03,47.17,-55.16,35.01,100,0,14.63
317,Rocha,UY,2020-01-04 02:10:03,-34.48,-54.34,58.87,95,0,5.28
318,Fundao,BR,2020-01-04 02:10:03,-19.93,-40.4,73.99,100,90,4.7
319,Channel-Port Aux Basques,CA,2020-01-04 02:10:03,47.57,-59.14,28.45,91,24,4.81
320,Mandiana,GN,2020-01-04 02:10:03,10.62,-8.7,58.59,19,7,6.64
321,Kaeo,NZ,2020-01-04 02:10:04,-35.1,173.78,73.0,47,88,15.99
322,Boa Vista,BR,2020-01-04 02:10:04,2.82,-60.67,80.6,57,20,6.93
323,Mecca,SA,2020-01-04 02:06:26,21.43,39.83,67.77,68,86,6.67
324,Torbay,CA,2020-01-04 02:07:44,47.66,-52.73,30.99,86,75,19.46
325,Sol-Iletsk,RU,2020-01-04 02:10:04,51.16,55.0,23.31,95,100,10.74
326,Teya,MX,2020-01-04 02:10:05,21.05,-89.07,79.0,69,75,6.93
327,Upata,VE,2020-01-04 02:10:05,8.02,-62.41,68.27,86,0,4.16
328,Chinhoyi,ZW,2020-01-04 02:10:05,-17.36,30.19,64.87,91,99,5.57
329,Baraboo,US,2020-01-04 02:08:09,43.47,-89.74,33.01,86,90,3.49
330,Guerrero Negro,MX,2020-01-04 02:10:05,27.97,-114.04,61.09,52,0,3.06
331,Ano Poroia,GR,2020-01-04 02:10:06,41.29,23.04,41.0,88,0,7.72
332,Craig,US,2020-01-04 02:10:06,40.52,-107.55,28.4,78,1,2.95
333,Madaoua,NE,2020-01-04 02:10:06,14.07,5.96,53.33,30,39,16.87
334,Mezen,RU,2020-01-04 02:10:06,65.85,44.24,32.16,95,100,17.45
335,Rovaniemi,FI,2020-01-04 02:10:07,66.5,25.72,21.2,85,66,6.93
336,Borkenes,NO,2020-01-04 02:10:07,68.77,16.17,33.8,100,100,11.41
337,Anadyr,RU,2020-01-04 02:10:07,64.73,177.51,-31.0,66,0,13.42
338,Staryy Nadym,RU,2020-01-04 02:10:07,65.61,72.68,6.39,94,84,13.29
339,Bintulu,MY,2020-01-04 02:10:07,3.17,113.03,80.6,88,75,5.82
340,Bukachacha,RU,2020-01-04 02:10:08,52.99,116.91,-1.43,89,0,3.13
341,Beringovskiy,RU,2020-01-04 02:10:08,63.05,179.32,-8.73,76,0,17.31
342,Grootfontein,NA,2020-01-04 02:10:08,-19.56,18.1,67.15,73,34,3.22
343,Cockburn Town,TC,2020-01-04 02:06:24,21.46,-71.14,79.41,78,90,18.66
344,Connersville,US,2020-01-04 02:10:08,39.64,-85.14,48.99,100,90,6.93
345,Ust-Nera,RU,2020-01-04 02:10:08,64.57,143.24,-12.8,98,68,2.06
346,Erenhot,CN,2020-01-04 02:10:08,43.65,111.97,17.1,74,0,4.59
347,San Cristobal,HN,2020-01-04 02:10:09,14.68,-86.92,63.86,85,10,4.92
348,Souillac,FR,2020-01-04 02:10:09,45.6,-0.6,48.2,100,90,9.17
349,Vaitape,PF,2020-01-04 02:10:09,-16.52,-151.75,81.48,78,70,10.71
350,Rorvik,NO,2020-01-04 02:10:09,64.86,11.24,37.99,82,100,8.01
351,Aboso,GH,2020-01-04 02:10:09,5.36,-1.95,68.88,50,69,1.54
352,Tarabha,IN,2020-01-04 02:10:10,20.73,83.65,64.8,83,90,2.28
353,Lasa,CY,2020-01-04 02:10:10,34.92,32.53,46.4,81,15,8.05
354,Grindavik,IS,2020-01-04 02:09:23,63.84,-22.43,24.8,68,100,12.75
355,Marfino,RU,2020-01-04 02:10:10,56.07,37.56,30.2,86,40,15.66
356,Nova Soure,BR,2020-01-04 02:10:11,-11.24,-38.48,74.73,88,100,5.14
357,Chicama,PE,2020-01-04 02:10:11,-7.84,-79.15,71.6,78,90,11.41
358,Kralendijk,BQ,2020-01-04 02:10:11,12.15,-68.27,80.6,74,0,11.41
359,New Kensington,US,2020-01-04 02:06:00,40.57,-79.76,51.01,100,90,4.7
360,Vilhena,BR,2020-01-04 02:10:11,-12.74,-60.15,70.27,98,100,3.78
361,Saint-Joseph,FR,2020-01-04 02:10:12,43.56,6.97,50.0,87,90,5.82
362,Tarko-Sale,RU,2020-01-04 02:10:12,64.92,77.78,9.0,87,100,5.01
363,Basoko,CD,2020-01-04 02:10:12,1.23,23.61,74.28,75,100,0.49
364,Bubaque,GW,2020-01-04 02:10:12,11.28,-15.83,77.86,56,93,9.91
365,Pisco,PE,2020-01-04 02:10:12,-13.71,-76.2,71.6,88,75,16.11
366,The Valley,AI,2020-01-04 02:10:12,18.22,-63.06,79.0,73,20,6.93
367,San Andres,PH,2020-01-04 02:10:13,13.32,122.68,80.56,71,30,12.82
368,Moron,HT,2020-01-04 02:10:13,18.56,-74.26,76.91,83,41,3.29
369,Esperance,AU,2020-01-04 02:10:13,-33.86,121.89,66.2,45,75,9.17
370,Patamundai,IN,2020-01-04 02:10:13,20.57,86.57,64.98,81,88,8.52
371,La Ronge,CA,2020-01-04 02:10:13,55.1,-105.3,14.0,78,90,2.24
372,Faya,SA,2020-01-04 02:10:13,18.39,42.45,55.4,82,0,9.17
373,Izhma,RU,2020-01-04 02:10:14,65.01,53.91,33.85,95,100,10.56
374,Awka,NG,2020-01-04 02:10:10,6.21,7.07,72.14,26,47,11.25
375,Russell,US,2020-01-04 02:10:14,38.9,-98.86,37.4,69,75,6.93
376,Adjumani,UG,2020-01-04 02:10:14,3.38,31.79,74.07,57,35,1.79
377,Luderitz,NA,2020-01-04 02:10:14,-26.65,15.16,62.6,72,0,8.05
378,Zapolyarnyy,RU,2020-01-04 02:10:14,69.43,30.82,28.4,92,100,23.04
379,Ust-Kuyga,RU,2020-01-04 02:10:15,70.0,135.55,-24.92,99,47,7.05
380,Shubarkuduk,KZ,2020-01-04 02:10:15,49.15,56.49,13.68,90,90,7.58
381,Baracoa,CU,2020-01-04 02:10:15,20.35,-74.5,79.34,78,48,13.27
382,Khabary,RU,2020-01-04 02:10:15,53.63,79.53,5.65,96,32,7.96
383,North Bend,US,2020-01-04 02:10:15,43.41,-124.22,57.2,70,1,9.17
384,Biak,ID,2020-01-04 02:10:15,-0.91,122.88,85.84,70,100,7.34
385,Golovchino,RU,2020-01-04 02:10:16,50.53,35.8,28.4,86,75,8.95
386,Hirara,JP,2020-01-04 02:10:16,24.8,125.28,71.6,68,40,10.29
387,Calatayud,ES,2020-01-04 02:10:16,41.35,-1.64,44.6,93,0,5.82
388,Warrington,GB,2020-01-04 02:10:16,53.39,-2.59,46.99,87,75,17.22
389,Husavik,CA,2020-01-04 02:10:16,50.56,-96.99,28.99,91,100,5.01
390,Zilair,RU,2020-01-04 02:10:16,52.23,57.44,12.06,95,100,7.92
391,Cabo San Lucas,MX,2020-01-04 02:06:02,22.89,-109.91,68.0,60,20,5.82
392,Roma,IT,2020-01-04 02:10:00,41.89,12.48,46.99,93,100,2.24
393,Kamien Pomorski,PL,2020-01-04 02:10:17,53.97,14.77,37.99,93,75,10.29
394,Pitimbu,BR,2020-01-04 02:10:17,-7.47,-34.81,78.8,83,20,6.93
395,Derzhavinsk,KZ,2020-01-04 02:10:17,51.1,66.31,17.11,96,94,7.9
396,Zheleznodorozhnyy,RU,2020-01-04 02:10:17,55.75,38.0,30.2,86,75,8.95
397,Lahij,YE,2020-01-04 02:10:18,13.06,44.88,74.62,80,2,7.43
398,Pangnirtung,CA,2020-01-04 02:10:18,66.15,-65.72,5.49,97,100,3.04
399,Muli,CN,2020-01-04 02:10:18,28.08,109.56,39.96,85,100,4.12
400,Naliya,IN,2020-01-04 02:10:18,23.26,68.83,61.95,53,55,7.29
401,Galle,GN,2020-01-04 02:10:18,10.08,-12.83,66.13,27,6,1.95
402,Chumikan,RU,2020-01-04 02:10:18,54.72,135.31,-3.87,75,0,7.25
403,Bandarbeyla,SO,2020-01-04 02:10:19,9.49,50.81,78.21,76,100,15.23
404,Nurota,UZ,2020-01-04 02:10:19,40.56,65.69,41.0,80,75,11.41
405,Sao Jose Da Coroa Grande,BR,2020-01-04 02:10:19,-8.9,-35.15,79.25,79,100,12.17
406,Gat,SN,2020-01-04 02:10:19,14.69,-16.54,73.4,15,100,13.87
407,Sola,TZ,2020-01-04 02:10:20,-3.17,33.8,63.93,77,74,11.56
408,Alta Floresta,BR,2020-01-04 02:10:20,-9.87,-56.08,71.33,97,91,6.53
409,Ilo,PE,2020-01-04 02:10:20,-17.65,-71.34,71.08,87,100,3.85
410,Isangel,VU,2020-01-04 02:10:20,-19.55,169.27,78.8,69,0,13.87
411,Karratha,AU,2020-01-04 02:10:20,-20.74,116.85,84.07,80,0,16.44
412,Oliveira Dos Brejinhos,BR,2020-01-04 02:10:20,-12.32,-42.89,69.69,95,100,2.66
413,Chachapoyas,PE,2020-01-04 02:10:20,-6.23,-77.87,53.46,98,32,2.1
414,Troitskoye,RU,2020-01-04 02:10:21,52.98,84.68,18.95,95,100,6.35
415,Octeville,FR,2020-01-04 02:10:21,49.63,-1.64,53.01,81,75,6.93
416,Ortakoy,TR,2020-01-04 02:10:21,38.74,34.04,33.8,83,90,3.36
417,Cumana,VE,2020-01-04 02:10:21,10.46,-64.17,73.54,87,0,7.67
418,Egvekinot,RU,2020-01-04 02:10:21,66.32,-179.17,-12.17,71,0,11.43
419,Nancy,FR,2020-01-04 02:10:21,48.69,6.18,46.4,81,90,10.29
420,Miri,NG,2020-01-04 02:10:21,10.31,9.75,51.44,38,0,5.91
421,Ambilobe,MG,2020-01-04 02:10:22,-13.19,49.05,77.22,90,58,1.72
422,Port-Gentil,GA,2020-01-04 02:10:22,-0.72,8.78,81.73,80,100,13.11
423,Monteagudo,BO,2020-01-04 02:10:22,-19.8,-63.96,63.54,92,81,2.37
424,Dharchula,IN,2020-01-04 02:10:22,29.85,80.53,27.03,79,86,2.64
425,Great Falls,US,2020-01-04 02:06:18,47.5,-111.29,48.2,49,75,29.97
426,Salalah,OM,2020-01-04 02:10:23,17.01,54.1,69.8,64,20,5.82
427,Arys,KZ,2020-01-04 02:10:23,42.43,68.8,37.4,93,90,4.47
428,Murmashi,RU,2020-01-04 02:10:23,68.82,32.82,26.6,86,75,8.95
429,Marrakesh,MA,2020-01-04 02:10:23,31.63,-7.99,48.2,81,45,2.24
430,Oksfjord,NO,2020-01-04 02:10:23,70.24,22.35,32.0,79,75,6.93
431,Huai Yot,TH,2020-01-04 02:10:23,7.79,99.63,82.4,74,20,3.36
432,Kharan,PK,2020-01-04 02:10:24,28.58,65.42,53.58,68,32,3.6
433,Kawalu,ID,2020-01-04 02:10:24,-7.38,108.21,84.43,60,92,2.75
434,Daru,PG,2020-01-04 02:10:24,-9.07,143.21,90.23,50,100,6.82
435,Kahului,US,2020-01-04 02:09:37,20.89,-156.47,78.8,82,75,18.34
436,Grand-Lahou,CI,2020-01-04 02:10:24,5.24,-5.0,81.28,50,67,7.02
437,Kalamazoo,US,2020-01-04 02:08:49,42.29,-85.59,35.6,74,90,5.82
438,Kloulklubed,PW,2020-01-04 02:10:25,7.04,134.26,82.4,74,90,14.99
439,Avera,US,2020-01-04 02:10:25,33.19,-82.53,66.2,88,90,3.36
440,Vilyuysk,RU,2020-01-04 02:10:25,63.75,121.63,-15.74,96,99,10.65
441,Dandong,CN,2020-01-04 02:10:25,40.12,124.37,27.52,52,0,6.38
442,Nemuro,JP,2020-01-04 02:10:25,43.32,145.57,23.0,45,20,11.41
443,Bulle,CH,2020-01-04 02:10:25,46.61,7.06,44.01,93,75,5.82
444,Goderich,CA,2020-01-04 02:10:26,43.74,-81.71,37.0,79,49,1.01
445,Ayan,IR,2020-01-04 02:10:26,38.23,44.7,14.41,79,100,3.91
446,Omboue,GA,2020-01-04 02:10:26,-1.57,9.26,74.55,97,100,1.81
447,Saint-Georges,CA,2020-01-04 02:08:55,46.12,-70.67,37.0,89,100,5.01
448,Erdenet,MN,2020-01-04 02:10:26,49.03,104.04,6.96,66,0,2.73
449,Kailua,US,2020-01-04 02:10:26,21.39,-157.74,80.6,88,90,23.82
450,Honiara,SB,2020-01-04 02:10:27,-9.43,159.96,87.8,74,20,10.29
451,Sept-Iles,CA,2020-01-04 02:07:36,50.2,-66.38,21.99,85,90,3.36
452,Batagay-Alyta,RU,2020-01-04 02:10:27,67.8,130.41,-25.42,99,0,4.5
453,Quelimane,MZ,2020-01-04 02:09:55,-17.88,36.89,80.6,94,40,2.75
454,Rio Verde De Mato Grosso,BR,2020-01-04 02:10:27,-18.92,-54.84,74.73,70,0,3.8
455,Mercedes,UY,2020-01-04 02:10:27,-33.25,-58.03,67.46,73,0,7.92
456,Point Pedro,LK,2020-01-04 02:09:06,9.82,80.23,81.43,79,55,9.4
457,Hauterive,CA,2020-01-04 02:10:28,49.18,-68.27,30.99,100,90,6.17
458,Te Anau,NZ,2020-01-04 02:10:28,-45.41,167.72,54.14,56,96,9.06
459,Bambanglipuro,ID,2020-01-04 02:10:28,-7.95,110.28,82.94,76,100,13.18
460,Lulea,SE,2020-01-04 02:10:28,65.58,22.15,30.2,63,90,10.29
461,Cicero Dantas,BR,2020-01-04 02:10:28,-10.6,-38.38,72.91,91,100,3.87
462,Lebedinyy,RU,2020-01-04 02:10:28,58.52,125.52,3.52,91,100,8.59
463,Adre,TD,2020-01-04 02:10:29,13.47,22.2,53.13,36,12,16.75
464,Monroe,US,2020-01-04 02:10:29,41.91,-83.4,43.0,80,90,4.7
465,Margate,AU,2020-01-04 02:10:29,-43.03,147.26,80.6,34,93,21.92
466,Tingo Maria,PE,2020-01-04 02:10:29,-9.29,-76.01,60.69,96,69,3.13
467,Mitsamiouli,KM,2020-01-04 02:10:29,-11.38,43.28,80.85,83,94,6.91
468,Kitimat,CA,2020-01-04 02:10:30,54.02,-128.69,30.0,100,90,0.69
469,Bathsheba,BB,2020-01-04 02:10:31,13.22,-59.52,77.0,73,20,5.82
470,Plouzane,FR,2020-01-04 02:10:31,48.38,-4.62,42.8,93,20,2.24
471,Hamilton,CA,2020-01-04 02:09:25,43.26,-79.87,42.01,86,90,5.82
472,Port-Cartier,CA,2020-01-04 02:10:31,50.03,-66.88,21.99,85,90,3.36
473,Gariaband,IN,2020-01-04 02:10:32,20.63,82.06,63.09,86,32,1.66
474,Bindura,ZW,2020-01-04 02:10:53,-17.3,31.33,65.23,95,92,1.25
475,Rundu,NA,2020-01-04 02:10:53,-17.91,19.77,69.8,100,89,2.24
476,Falls Church,US,2020-01-04 02:10:53,38.88,-77.17,55.0,93,90,4.68
477,Aktau,KZ,2020-01-04 02:10:53,43.65,51.16,15.8,85,0,6.71
478,Tamiahua,MX,2020-01-04 02:10:53,21.28,-97.45,72.03,61,56,18.72
479,Iquitos,PE,2020-01-04 02:10:54,-3.75,-73.25,78.8,83,0,6.93
480,Voh,NC,2020-01-04 02:10:54,-20.95,164.69,77.27,77,39,16.73
481,Eufaula,US,2020-01-04 02:10:54,31.89,-85.15,62.6,93,90,2.68
482,Havoysund,NO,2020-01-04 02:10:54,71.0,24.66,32.0,70,75,17.22
483,Aranos,NA,2020-01-04 02:10:54,-24.14,19.11,79.61,46,0,8.68
484,Alice Springs,AU,2020-01-04 02:09:44,-23.7,133.88,95.0,24,71,10.29
485,Mastung,PK,2020-01-04 02:10:55,29.8,66.85,36.25,93,3,4.61
486,Soyo,AO,2020-01-04 02:10:55,-6.13,12.37,77.63,90,100,6.08
487,Saint Pete Beach,US,2020-01-04 02:10:55,27.73,-82.74,77.0,88,1,12.75
488,Narsaq,GL,2020-01-04 02:09:36,60.91,-46.05,35.6,34,100,39.15
489,Broken Hill,AU,2020-01-04 02:10:56,-31.97,141.45,89.6,27,0,23.04
490,Beloha,MG,2020-01-04 02:10:56,-25.17,45.06,72.88,90,40,11.05
491,Fort Nelson,CA,2020-01-04 02:09:52,58.81,-122.69,-7.6,83,90,3.36
492,Espanola,CA,2020-01-04 02:07:16,46.27,-81.77,18.41,94,69,3.51
493,Yeppoon,AU,2020-01-04 02:10:56,-23.13,150.74,87.8,40,40,10.29
494,Kuala Terengganu,MY,2020-01-04 02:10:56,5.33,103.14,82.4,78,40,9.17
495,Alekseyevsk,RU,2020-01-04 02:10:57,57.84,108.35,23.81,93,100,12.88
496,Paramonga,PE,2020-01-04 02:10:57,-10.68,-77.82,68.11,92,100,11.56
497,Kisangani,CD,2020-01-04 02:10:58,0.52,25.21,71.19,97,97,0.83
498,Wajir,KE,2020-01-04 02:10:59,1.75,40.07,77.02,77,59,11.25
499,Bria,CF,2020-01-04 02:10:59,6.54,21.99,65.82,31,100,5.46
500,High Level,CA,2020-01-04 02:07:56,58.52,-117.13,-0.4,84,75,4.7
501,Linhares,BR,2020-01-04 02:10:59,-19.38,-40.06,73.76,96,100,6.4
502,Sao Felix Do Xingu,BR,2020-01-04 02:11:00,-6.64,-51.99,70.45,99,100,2.13
503,Lagoa,PT,2020-01-04 02:11:00,37.14,-8.45,52.0,81,0,6.93
504,Kavaratti,IN,2020-01-04 02:11:00,10.57,72.64,80.87,79,11,15.21
505,Kyshtovka,RU,2020-01-04 02:11:00,56.56,76.62,3.15,88,84,12.66
506,Kovvur,IN,2020-01-04 02:11:01,17.02,81.73,77.0,83,90,4.7
507,Kolobrzeg,PL,2020-01-04 02:08:38,54.18,15.58,36.0,10,29,16.42
508,Lethem,GY,2020-01-04 02:11:01,3.38,-59.8,81.77,54,0,11.68
509,Midleton,IE,2020-01-04 02:11:01,51.91,-8.17,43.0,86,75,9.17
510,Bone,DE,2020-01-04 02:11:01,51.97,12.14,42.01,86,75,12.75
511,Saldanha,PT,2020-01-04 02:11:01,41.42,-6.55,38.16,94,3,4.09
512,Rucphen,NL,2020-01-04 02:11:02,51.53,4.56,45.0,86,90,9.17
513,Lamar,US,2020-01-04 02:11:02,38.09,-102.62,26.6,53,1,9.17
514,Belozerskoye,RU,2020-01-04 02:11:02,55.82,65.58,15.3,93,100,15.5
515,Olinda,AU,2020-01-04 02:11:02,-37.84,145.39,86.0,53,75,20.8
516,Jaru,BR,2020-01-04 02:11:02,-10.43,-62.48,70.12,96,100,2.01
517,Butembo,CD,2020-01-04 02:11:03,0.12,29.29,63.34,79,100,2.08
518,Pochinki,RU,2020-01-04 02:11:03,54.7,44.85,30.9,89,89,18.57
519,Chirongui,YT,2020-01-04 02:11:03,-12.93,45.15,80.6,94,20,4.7
520,Tongren,CN,2020-01-04 02:11:03,27.72,109.18,40.53,84,100,2.95
521,Varnamo,SE,2020-01-04 02:11:04,57.19,14.04,39.2,86,83,16.11
522,Angoram,PG,2020-01-04 02:11:04,-4.06,144.07,89.92,56,100,5.75
523,Richards Bay,ZA,2020-01-04 02:11:04,-28.77,32.06,77.52,84,2,19.8
524,Sharan,AF,2020-01-04 02:11:04,33.15,68.78,23.43,91,10,4.03
525,Eureka,US,2020-01-04 02:08:29,40.8,-124.16,57.0,54,1,3.36
526,Gandorhun,SL,2020-01-04 02:11:04,8.44,-10.86,62.35,34,12,2.13
527,Aykhal,RU,2020-01-04 02:11:05,65.95,111.51,-18.4,75,100,4.47
528,Blytheville,US,2020-01-04 02:11:05,35.93,-89.92,53.6,100,90,3.36
529,Palmer,AU,2020-01-04 02:11:05,-34.85,139.16,77.0,53,75,18.34
530,Santa Cruz,BR,2020-01-04 02:11:05,-6.22,-36.02,72.45,90,64,4.92
531,Manta,RO,2020-01-04 02:11:05,45.1,24.1,34.25,37,0,1.79
532,Tanete,ID,2020-01-04 02:11:05,-3.94,119.78,91.4,51,100,4.83
533,Bayshore Gardens,US,2020-01-04 02:11:06,27.43,-82.59,77.0,88,1,12.75
534,Kashan,IR,2020-01-04 02:11:06,33.99,51.44,43.16,70,94,1.05
535,Juneau,US,2020-01-04 02:11:06,58.3,-134.42,26.6,79,90,3.36
536,Bajitpur,BD,2020-01-04 02:11:06,24.22,90.95,64.4,93,75,1.48
537,Ostersund,SE,2020-01-04 02:11:06,63.18,14.64,33.01,68,33,18.34
538,Evreux,FR,2020-01-04 02:09:46,49.02,1.15,39.2,93,39,4.7
539,Constitucion,MX,2020-01-04 02:10:11,23.99,-104.67,45.0,60,5,3.36
540,Touros,BR,2020-01-04 02:11:07,-5.2,-35.46,80.6,74,40,9.17
541,Payakumbuh,ID,2020-01-04 02:11:07,-0.23,100.63,75.33,79,60,3.67
542,Carrollton,US,2020-01-04 02:07:24,33.58,-85.08,60.01,93,90,2.33
543,Rafai,CF,2020-01-04 02:11:07,4.95,23.92,73.72,38,100,3.0
544,Santa Maria Da Vitoria,BR,2020-01-04 02:11:08,-13.39,-44.19,69.42,98,100,5.61
545,Bahia De Caraquez,EC,2020-01-04 02:11:08,-0.6,-80.42,78.8,83,40,11.41
546,Paralimni,GR,2020-01-04 02:11:08,40.99,23.67,42.01,90,0,2.98
547,Sambava,MG,2020-01-04 02:11:08,-14.27,50.17,72.3,96,39,2.55
548,Doha,QA,2020-01-04 02:07:13,25.29,51.53,71.6,77,0,11.41
549,Tiznit,MA,2020-01-04 02:11:08,29.7,-9.73,50.2,37,9,2.57
550,Cherskiy,RU,2020-01-04 02:11:09,68.75,161.3,0.97,64,0,10.31
551,Gbely,SK,2020-01-04 02:11:09,48.72,17.12,37.99,92,100,2.24
552,Mattru,SL,2020-01-04 02:11:09,7.62,-11.83,70.25,81,60,2.1
553,Turayf,SA,2020-01-04 02:11:09,31.68,38.65,42.8,81,40,3.36
554,Santa Barbara,US,2020-01-04 02:06:38,34.42,-119.7,62.6,87,20,3.06
555,Bud,NO,2020-01-04 02:11:10,62.91,6.91,37.4,74,100,16.11
556,Hovd,NO,2020-01-04 02:11:10,63.83,10.7,39.99,93,75,33.33
557,Betsiamites,CA,2020-01-04 02:11:10,48.94,-68.65,28.4,100,90,6.17
558,Moranbah,AU,2020-01-04 02:11:10,-22.0,148.04,92.95,23,0,17.02
559,Lodwar,KE,2020-01-04 02:11:10,3.12,35.6,81.52,50,95,9.1
560,Hambantota,LK,2020-01-04 02:11:11,6.12,81.12,75.2,100,20,3.36
561,Pangkalanbuun,ID,2020-01-04 02:09:53,-2.68,111.62,91.99,57,90,1.68
562,Merritt,CA,2020-01-04 02:11:11,50.11,-120.79,48.2,76,90,13.87
563,Carora,VE,2020-01-04 02:11:11,10.17,-70.08,65.77,84,20,2.57
564,Igrim,RU,2020-01-04 02:11:11,63.19,64.42,21.72,95,100,10.29
565,Nyurba,RU,2020-01-04 02:11:11,63.29,118.35,-9.92,98,100,4.09
566,Totness,US,2020-01-04 02:11:12,33.74,-80.8,69.8,100,90,5.82
567,Batagay,RU,2020-01-04 02:11:12,67.65,134.64,-23.85,96,0,2.3
