City_ID,City,Country,Date,Lat,Lng,Max Temp,Humidity,Cloudiness,Wind Speed,Current Description,Rain inches(last 3hrs),Snow inches(last 3hrs)
0,Meulaboh,ID,2020-01-05 20:43:48,4.14,96.13,80.4,81,0,6.78,clear sky,0,0
1,Fallon,US,2020-01-05 20:43:48,46.84,-105.12,39.2,48,1,10.29,clear sky,0,0
2,Mareeba,AU,2020-01-05 20:43:48,-16.99,145.42,75.2,88,75,6.93,light intensity shower rain,0,0
3,Rikitea,PF,2020-01-05 20:41:56,-23.12,-134.97,76.03,78,67,15.41,broken clouds,0,0
4,Hermanus,ZA,2020-01-05 20:43:18,-34.42,19.24,64.0,89,100,11.03,overcast clouds,0,0
5,Vaini,IN,2020-01-05 20:43:48,15.34,74.49,66.11,79,0,6.89,clear sky,0,0
6,Brigantine,US,2020-01-05 20:43:49,39.41,-74.36,43.0,41,75,21.92,broken clouds,0,0
7,Yerbogachen,RU,2020-01-05 20:43:49,61.28,108.01,5.65,92,100,10.6,overcast clouds,0,0
8,Thompson,CA,2020-01-05 20:42:05,55.74,-97.86,5.0,92,90,6.93,light snow,0,0
9,Busselton,AU,2020-01-05 20:42:01,-33.64,115.35,57.99,43,0,9.35,clear sky,0,0
10,Atuona,PF,2020-01-05 20:43:49,-9.8,-139.03,80.56,67,0,4.74,clear sky,0,0
11,Bambous Virieux,MU,2020-01-05 20:43:49,-20.34,57.76,73.4,100,75,9.17,heavy intensity rain,0,0
12,Butaritari,KI,2020-01-05 20:43:49,3.07,172.79,85.28,76,100,15.26,moderate rain,0,0
13,Saskylakh,RU,2020-01-05 20:43:49,71.97,114.09,-19.21,94,0,13.09,clear sky,0,0
14,Naifaru,MV,2020-01-05 20:43:50,5.44,73.37,82.22,79,6,12.59,clear sky,0,0
15,Ushuaia,AR,2020-01-05 20:43:00,-54.81,-68.31,50.0,76,75,27.51,shower rain,0,0
16,Bathsheba,BB,2020-01-05 20:43:50,13.22,-59.52,80.6,74,40,10.29,shower rain,0,0
17,Cesme,TR,2020-01-05 20:43:50,38.32,26.31,51.8,62,75,13.87,broken clouds,0,0
18,New Norfolk,AU,2020-01-05 20:43:50,-42.78,147.06,59.0,76,20,9.17,few clouds,0,0
19,Sinnar,IN,2020-01-05 20:43:50,19.85,74.0,59.22,52,0,5.14,clear sky,0,0
20,Ribeira Grande,PT,2020-01-05 20:41:59,38.52,-28.7,64.4,88,40,13.87,scattered clouds,0,0
21,Cherskiy,RU,2020-01-05 20:41:09,68.75,161.3,-7.71,61,5,5.35,clear sky,0,0
22,Hobyo,SO,2020-01-05 20:43:50,5.35,48.53,78.58,79,34,12.19,scattered clouds,0,0
23,Cabo San Lucas,MX,2020-01-05 20:41:52,22.89,-109.91,81.0,42,75,3.36,broken clouds,0,0
24,Port Alfred,ZA,2020-01-05 20:43:51,-33.59,26.89,66.99,91,50,7.05,scattered clouds,0,0
25,Kapaa,US,2020-01-05 20:39:38,22.08,-159.32,78.8,74,40,17.22,scattered clouds,0,0
26,Stockerau,AT,2020-01-05 20:43:51,48.38,16.21,34.0,82,0,8.05,clear sky,0,0
27,Yellowknife,CA,2020-01-05 20:43:51,62.45,-114.38,-13.0,75,20,5.82,few clouds,0,0
28,Jamestown,AU,2020-01-05 20:43:51,-33.21,138.6,56.25,87,89,5.93,light rain,0,0
29,Cape Town,ZA,2020-01-05 20:41:25,-33.93,18.42,68.0,82,75,9.17,broken clouds,0,0
30,Sarh,TD,2020-01-05 20:43:51,9.14,18.39,71.6,49,0,3.31,clear sky,0,0
31,Provideniya,RU,2020-01-05 20:43:51,64.42,-173.23,-10.43,82,100,9.08,overcast clouds,0,0
32,Huarmey,PE,2020-01-05 20:43:51,-10.07,-78.15,78.49,57,82,7.34,broken clouds,0,0
33,Mahon,IE,2020-01-05 20:43:52,51.89,-8.4,46.99,87,75,20.8,broken clouds,0,0
34,Bonfim,GY,2020-01-05 20:43:52,3.36,-59.84,96.06,28,0,8.77,clear sky,0,0
35,Mataura,NZ,2020-01-05 20:43:52,-46.19,168.86,51.01,81,87,24.0,light rain,0,0
36,Padre Paraiso,BR,2020-01-05 20:43:52,-17.07,-41.48,69.94,90,69,6.62,light rain,0,0
37,Hami,CN,2020-01-05 20:43:52,42.84,93.51,18.34,48,73,4.38,broken clouds,0,0
38,Saravan,AM,2020-01-05 20:43:52,39.72,45.65,24.8,85,0,4.7,clear sky,0,0
39,Leningradskiy,RU,2020-01-05 20:43:52,69.38,178.42,-11.0,51,0,1.83,clear sky,0,0
40,Coihaique,CL,2020-01-05 20:43:52,-45.58,-72.07,59.0,54,75,8.05,broken clouds,0,0
41,Bredasdorp,ZA,2020-01-05 20:42:55,-34.53,20.04,68.0,64,100,5.82,overcast clouds,0,0
42,Ponta Do Sol,BR,2020-01-05 20:43:53,-20.63,-46.0,75.29,84,20,4.41,light rain,0,0
43,Nouadhibou,MR,2020-01-05 20:43:53,20.93,-17.03,64.4,48,33,9.17,scattered clouds,0,0
44,Cidreira,BR,2020-01-05 20:43:53,-30.17,-50.22,74.61,82,0,19.3,clear sky,0,0
45,Deputatskiy,RU,2020-01-05 20:43:53,69.3,139.9,-17.63,82,34,0.54,scattered clouds,0,0
46,Fortuna,US,2020-01-05 20:43:53,40.6,-124.16,55.99,87,90,4.56,light rain,0,0
47,Villamontes,BO,2020-01-05 20:43:53,-21.26,-63.47,99.36,21,6,8.03,clear sky,0,0
48,Hamilton,CA,2020-01-05 20:43:53,43.26,-79.87,37.0,80,75,11.41,broken clouds,0,0
49,Kaitangata,NZ,2020-01-05 20:41:03,-46.28,169.85,48.99,73,80,23.0,light rain,0,0
50,Nikolskoye,RU,2020-01-05 20:43:53,59.7,30.79,24.01,79,81,2.24,broken clouds,0,0
51,Mayor Pablo Lagerenza,PY,2020-01-05 20:43:54,-19.93,-60.77,100.11,27,74,11.05,broken clouds,0,0
52,Punta Arenas,CL,2020-01-05 20:40:57,-53.16,-70.91,55.4,54,40,29.97,scattered clouds,0,0
53,Sola,TZ,2020-01-05 20:43:54,-3.17,33.8,66.42,84,89,4.52,overcast clouds,0,0
54,Mahajanga,MG,2020-01-05 20:43:54,-15.72,46.32,78.8,88,20,4.7,few clouds,0,0
55,Chokurdakh,RU,2020-01-05 20:43:54,70.62,147.9,-21.48,99,84,3.83,broken clouds,0,0
56,Katsuura,JP,2020-01-05 20:43:54,33.93,134.5,37.4,73,40,5.82,scattered clouds,0,0
57,Maumere,ID,2020-01-05 20:43:54,-8.63,122.22,78.04,89,100,12.39,light rain,0,0
58,Panaba,MX,2020-01-05 20:43:54,21.28,-88.27,73.53,63,91,8.88,overcast clouds,0,0
59,Kiama,AU,2020-01-05 20:38:54,-34.67,150.86,69.01,100,100,4.7,light rain,0,0
60,Vestmanna,FO,2020-01-05 20:43:54,62.16,-7.17,44.6,93,100,8.05,overcast clouds,0,0
61,Kutum,SD,2020-01-05 20:43:55,14.2,24.66,55.96,26,0,6.17,clear sky,0,0
62,Mar Del Plata,AR,2020-01-05 20:43:55,-46.43,-67.52,69.57,33,100,6.33,overcast clouds,0,0
63,Palmer,AU,2020-01-05 20:43:55,-34.85,139.16,61.0,62,1,5.82,clear sky,0,0
64,Qaanaaq,GL,2020-01-05 20:43:55,77.48,-69.36,-25.65,47,0,4.12,clear sky,0,0
65,Liverpool,GB,2020-01-05 20:39:56,53.41,-2.98,48.2,87,40,8.05,scattered clouds,0,0
66,Kilindoni,TZ,2020-01-05 20:43:55,-7.91,39.67,82.26,76,23,8.59,few clouds,0,0
67,Belmonte,PT,2020-01-05 20:43:55,40.36,-7.35,43.0,10,0,2.13,clear sky,0,0
68,Bethel,US,2020-01-05 20:38:55,60.79,-161.76,-16.6,74,1,5.82,clear sky,0,0
69,Avarua,CK,2020-01-05 20:42:13,-21.21,-159.78,80.6,88,100,8.05,light rain,0,0
70,Goba,ET,2020-01-05 20:43:55,7.01,39.97,49.75,84,1,3.6,clear sky,0,0
71,Saint George,GR,2020-01-05 20:43:55,39.45,22.34,42.01,64,90,17.22,overcast clouds,0,0
72,Egvekinot,RU,2020-01-05 20:43:55,66.32,-179.17,-11.54,82,55,10.6,broken clouds,0,0
73,Tiksi,RU,2020-01-05 20:43:55,71.64,128.87,-14.8,86,0,11.92,clear sky,0,0
74,Namibe,AO,2020-01-05 20:43:56,-15.19,12.15,73.89,90,79,11.88,broken clouds,0,0
75,Hobart,AU,2020-01-05 20:43:13,-42.88,147.33,59.0,76,20,9.17,few clouds,0,0
76,Faanui,PF,2020-01-05 20:43:56,-16.48,-151.75,81.57,75,37,9.42,scattered clouds,0,0
77,Souillac,FR,2020-01-05 20:43:56,45.6,-0.6,41.0,80,0,6.93,clear sky,0,0
78,Dehloran,IR,2020-01-05 20:39:04,32.69,47.27,52.5,50,0,2.51,clear sky,0,0
79,Ostrovnoy,RU,2020-01-05 20:43:56,68.05,39.51,14.47,92,68,20.92,broken clouds,0,0
80,Mana,NG,2020-01-05 20:43:56,13.03,5.27,68.27,22,9,10.8,clear sky,0,0
81,Gat,SN,2020-01-05 20:43:56,14.69,-16.54,71.6,46,0,12.75,dust,0,0
82,Dikson,RU,2020-01-05 20:41:13,73.51,80.55,17.56,91,95,20.65,light snow,0,0
83,East London,ZA,2020-01-05 20:43:56,-33.02,27.91,73.44,75,90,4.63,overcast clouds,0,0
84,Vila Franca Do Campo,PT,2020-01-05 20:43:57,37.72,-25.43,64.4,93,40,17.22,scattered clouds,0,0
85,Honningsvag,NO,2020-01-05 20:43:57,70.98,25.97,31.93,66,100,12.21,overcast clouds,0,0
86,Srednekolymsk,RU,2020-01-05 20:43:57,67.46,153.71,-9.17,78,10,1.77,clear sky,0,0
87,Esperance,AU,2020-01-05 20:43:57,-33.86,121.89,64.4,59,33,19.46,scattered clouds,0,0
88,Bluff,AU,2020-01-05 20:40:55,-23.58,149.07,74.39,77,0,10.36,clear sky,0,0
89,Valparaiso,US,2020-01-05 20:39:48,41.47,-87.06,43.0,60,40,26.4,moderate rain,0,0
90,Tuktoyaktuk,CA,2020-01-05 20:43:57,69.44,-133.03,-23.8,74,90,10.29,overcast clouds,0,0
91,Taoudenni,ML,2020-01-05 20:43:57,22.68,-3.98,58.93,17,30,10.54,scattered clouds,0,0
92,Port Elizabeth,US,2020-01-05 20:42:18,39.31,-74.98,43.0,41,90,23.04,overcast clouds,0,0
93,Upernavik,GL,2020-01-05 20:43:57,72.79,-56.15,-29.87,88,100,11.86,overcast clouds,0,0
94,Poronaysk,RU,2020-01-05 20:43:57,49.22,143.1,11.8,75,0,13.51,clear sky,0,0
95,Samarai,PG,2020-01-05 20:43:58,-10.62,150.67,79.39,85,100,2.68,overcast clouds,0,0
96,Kavaratti,IN,2020-01-05 20:43:58,10.57,72.64,79.97,63,0,3.85,clear sky,0,0
97,Las Choapas,MX,2020-01-05 20:43:58,17.91,-94.09,73.4,73,90,9.17,overcast clouds,0,0
98,Chuy,UY,2020-01-05 20:42:28,-33.69,-53.46,75.31,63,0,13.76,clear sky,0,0
99,Evensk,RU,2020-01-05 20:43:58,61.92,159.24,-1.3,45,27,4.92,scattered clouds,0,0
100,Caravelas,BR,2020-01-05 20:42:34,-17.73,-39.27,79.48,84,94,8.79,overcast clouds,0,0
101,Buy,RU,2020-01-05 20:43:58,58.48,41.53,24.24,96,61,5.66,broken clouds,0,0
102,Dudinka,RU,2020-01-05 20:43:59,69.41,86.18,23.0,92,75,29.08,shower snow,0,0
103,Rio Gallegos,AR,2020-01-05 20:40:13,-51.62,-69.22,62.6,36,40,20.8,scattered clouds,0,0
104,Maloy,ID,2020-01-05 20:43:59,1.0,118.1,73.38,90,100,1.57,overcast clouds,0,0
105,Cancun,MX,2020-01-05 20:43:59,21.17,-86.85,77.0,61,75,10.29,broken clouds,0,0
106,Comodoro Rivadavia,AR,2020-01-05 20:43:59,-45.87,-67.48,73.4,27,40,12.75,scattered clouds,0,0
107,Hirara,JP,2020-01-05 20:39:05,24.8,125.28,69.44,72,17,17.43,few clouds,0,0
108,Khandyga,RU,2020-01-05 20:43:59,62.65,135.58,-6.75,98,100,3.65,light snow,0,0
109,Arraial Do Cabo,BR,2020-01-05 20:43:59,-22.97,-42.02,80.6,83,75,11.41,broken clouds,0,0
110,Avera,US,2020-01-05 20:44:00,33.19,-82.53,57.2,35,1,10.29,clear sky,0,0
111,Shu,KZ,2020-01-05 20:44:00,43.6,73.76,28.99,75,67,1.99,broken clouds,0,0
112,Bubaque,GW,2020-01-05 20:44:01,11.28,-15.83,77.5,57,5,18.01,clear sky,0,0
113,Pevek,RU,2020-01-05 20:44:01,69.7,170.27,-6.29,82,0,5.59,clear sky,0,0
114,Lagoa,PT,2020-01-05 20:39:57,37.14,-8.45,55.99,76,0,6.93,clear sky,0,0
115,Lagunillas,VE,2020-01-05 20:44:01,8.5,-71.39,66.99,86,56,3.24,light rain,0,0
116,Sitka,US,2020-01-05 20:44:01,37.17,-99.65,52.0,35,2,8.25,clear sky,0,0
117,Albany,US,2020-01-05 20:44:01,42.65,-73.75,34.0,50,40,19.46,scattered clouds,0,0
118,Tuatapere,NZ,2020-01-05 20:44:01,-46.13,167.69,51.01,81,100,24.0,light rain,0,0
119,San Patricio,PY,2020-01-05 20:44:01,-26.98,-56.83,93.25,32,24,2.8,few clouds,0,0
120,Davila,PH,2020-01-05 20:44:01,18.47,120.58,76.57,73,68,16.44,broken clouds,0,0
121,Marystown,CA,2020-01-05 20:44:03,47.17,-55.16,35.01,100,100,41.23,snow,0,0
122,Saldanha,PT,2020-01-05 20:44:03,41.42,-6.55,38.03,75,7,0.6,clear sky,0,0
123,Touros,BR,2020-01-05 20:44:03,-5.2,-35.46,84.2,66,40,17.22,scattered clouds,0,0
124,Bay Roberts,CA,2020-01-05 20:44:03,47.58,-53.28,30.99,92,90,21.92,snow,0,0
125,Hilo,US,2020-01-05 20:44:03,19.71,-155.08,78.8,65,90,4.7,moderate rain,0,0
126,Beloha,MG,2020-01-05 20:44:03,-25.17,45.06,73.9,79,0,14.29,clear sky,0,0
127,Walvis Bay,NA,2020-01-05 20:44:03,-22.95,14.51,63.0,82,19,4.7,few clouds,0,0
128,Saint-Augustin,CA,2020-01-05 20:44:03,45.63,-73.98,21.99,57,40,16.11,scattered clouds,0,0
129,Tasiilaq,GL,2020-01-05 20:44:03,65.61,-37.64,24.06,93,100,30.44,snow,0,0
130,Moussoro,TD,2020-01-05 20:44:03,13.64,16.49,66.49,23,0,14.43,clear sky,0,0
131,Puerto Ayora,EC,2020-01-05 20:44:04,-0.74,-90.35,84.2,66,20,12.75,few clouds,0,0
132,Cody,US,2020-01-05 20:44:04,44.53,-109.06,36.0,31,1,8.05,clear sky,0,0
133,Taos,US,2020-01-05 20:44:04,36.41,-105.57,44.01,32,1,11.41,clear sky,0,0
134,Sanandaj,IR,2020-01-05 20:44:04,35.31,47.0,21.69,88,6,3.4,clear sky,0,0
135,Mariental,BR,2020-01-05 20:44:04,-25.72,-49.65,75.99,69,75,10.29,broken clouds,0,0
136,Ust-Tsilma,RU,2020-01-05 20:44:04,65.44,52.15,11.37,92,82,8.01,broken clouds,0,0
137,Vardo,US,2020-01-05 20:44:04,39.62,-77.74,39.2,55,90,13.87,overcast clouds,0,0
138,Bonnyville,CA,2020-01-05 20:42:05,54.27,-110.74,17.6,72,20,6.26,few clouds,0,0
139,Carnarvon,ZA,2020-01-05 20:44:05,-30.97,22.13,66.76,29,24,10.56,few clouds,0,0
140,Anjozorobe,MG,2020-01-05 20:44:05,-18.4,47.88,66.2,88,75,4.7,broken clouds,0,0
141,Salalah,OM,2020-01-05 20:44:05,17.01,54.1,75.2,78,40,4.7,scattered clouds,0,0
142,Sinazongwe,ZM,2020-01-05 20:44:05,-17.26,27.46,78.6,73,100,2.8,overcast clouds,0,0
143,Victoria,BN,2020-01-05 20:44:05,5.28,115.24,80.6,74,75,6.93,broken clouds,0,0
144,Shimoda,JP,2020-01-05 20:44:05,34.7,138.93,30.99,81,100,15.12,light rain,0,0
145,Brasilia,BR,2020-01-05 20:42:31,-10.9,-37.55,82.4,74,20,14.99,few clouds,0,0
146,Mount Gambier,AU,2020-01-05 20:39:48,-37.83,140.78,46.4,93,9,4.7,clear sky,0,0
147,Upington,ZA,2020-01-05 20:44:06,-28.46,21.24,86.0,10,0,9.17,clear sky,0,0
148,Umm Lajj,SA,2020-01-05 20:44:06,25.02,37.27,54.1,61,0,5.91,clear sky,0,0
149,Raudeberg,NO,2020-01-05 20:44:06,61.99,5.14,46.99,100,75,16.11,drizzle rain,0,0
150,Asyut,EG,2020-01-05 20:44:06,27.18,31.19,46.17,51,0,8.01,clear sky,0,0
151,Lazaro Cardenas,MX,2020-01-05 20:44:06,28.39,-105.62,71.01,23,5,5.82,clear sky,0,0
152,Auki,NG,2020-01-05 20:44:06,12.18,6.51,68.32,27,64,12.48,broken clouds,0,0
153,Kieta,PG,2020-01-05 20:44:06,-6.22,155.63,82.26,72,5,3.89,clear sky,0,0
154,Te Anau,NZ,2020-01-05 20:44:06,-45.41,167.72,43.75,83,52,16.42,light rain,0,0
155,Isfana,KG,2020-01-05 20:44:06,39.84,69.53,35.6,65,75,2.24,mist,0,0
156,Tual,ID,2020-01-05 20:44:07,-5.67,132.75,83.28,77,51,11.81,light rain,0,0
157,Khatanga,RU,2020-01-05 20:44:07,71.98,102.47,-8.95,88,100,6.8,overcast clouds,0,0
158,Kandrian,PG,2020-01-05 20:44:07,-6.21,149.55,76.44,90,94,1.59,overcast clouds,0,0
159,Poum,MK,2020-01-05 20:44:07,41.28,20.71,30.2,50,75,14.99,broken clouds,0,0
160,Dingle,PH,2020-01-05 20:44:07,11.0,122.67,72.93,95,63,10.02,light rain,0,0
161,Klaksvik,FO,2020-01-05 20:44:07,62.23,-6.59,44.6,93,100,8.05,overcast clouds,0,0
162,Terney,RU,2020-01-05 20:44:07,45.05,136.61,6.85,80,0,9.98,clear sky,0,0
163,Torres,BR,2020-01-05 20:40:49,-29.34,-49.73,74.68,81,0,14.52,clear sky,0,0
164,Ocos,GT,2020-01-05 20:44:07,14.51,-92.19,89.6,59,40,9.17,scattered clouds,0,0
165,Lompoc,US,2020-01-05 20:44:08,34.64,-120.46,70.0,58,1,19.46,light rain,0,0
166,Coahuayana,MX,2020-01-05 20:44:08,18.62,-100.35,89.87,28,25,3.09,scattered clouds,0,0
167,Belz,UA,2020-01-05 20:44:08,50.38,24.01,30.2,80,90,11.18,overcast clouds,0,0
168,Erdenet,MN,2020-01-05 20:44:08,49.03,104.04,0.86,78,0,3.2,clear sky,0,0
169,Oranjemund,ZA,2020-01-05 20:44:08,-28.55,16.43,62.89,91,0,12.39,clear sky,0,0
170,Millbrook,US,2020-01-05 20:42:07,32.48,-86.36,59.0,50,1,6.93,clear sky,0,0
171,Santa Flavia,CL,2020-01-05 20:44:08,-51.55,-72.35,53.6,54,75,16.11,broken clouds,0,0
172,Pisco,PE,2020-01-05 20:40:42,-13.71,-76.2,73.0,30,69,21.92,broken clouds,0,0
173,Dulce Grande,MX,2020-01-05 20:44:09,23.0,-102.17,62.6,12,40,11.41,scattered clouds,0,0
174,Longyearbyen,NO,2020-01-05 20:42:54,78.22,15.63,-2.2,77,20,4.7,few clouds,0,0
175,Porto Novo,BR,2020-01-05 20:44:09,-23.68,-45.44,71.6,83,75,6.93,broken clouds,0,0
176,Aviles,ES,2020-01-05 20:44:09,43.55,-5.92,48.99,93,20,4.7,few clouds,0,0
177,Inta,RU,2020-01-05 20:44:09,66.04,60.13,12.4,92,38,17.02,scattered clouds,0,0
178,Karlskrona,SE,2020-01-05 20:44:09,56.16,15.59,39.2,100,100,10.29,light rain,0,0
179,Pacific Grove,US,2020-01-05 20:41:35,36.62,-121.92,59.0,50,1,8.05,clear sky,0,0
180,Krasnyy Yar,RU,2020-01-05 20:44:09,50.7,44.73,28.53,94,46,5.79,scattered clouds,0,0
181,Marquette,US,2020-01-05 20:44:10,46.54,-87.4,28.0,92,90,9.17,snow,0,0
182,Faro,PT,2020-01-05 20:41:22,37.02,-7.94,55.0,76,0,6.93,clear sky,0,0
183,Roma,IT,2020-01-05 20:43:46,41.89,12.48,48.99,36,0,10.29,clear sky,0,0
184,Ponta Delgada,PT,2020-01-05 20:44:10,37.73,-25.67,64.4,93,40,17.22,scattered clouds,0,0
185,Bayonet Point,US,2020-01-05 20:44:10,28.33,-82.68,66.2,38,1,4.7,clear sky,0,0
186,Oltu,TR,2020-01-05 20:44:10,40.55,42.0,19.18,71,0,6.46,clear sky,0,0
187,Narsaq,GL,2020-01-05 20:44:10,60.91,-46.05,15.8,61,20,6.93,few clouds,0,0
188,Kavieng,PG,2020-01-05 20:44:10,-2.57,150.8,84.27,73,56,7.54,light rain,0,0
189,Genc,TR,2020-01-05 20:44:10,38.75,40.56,32.61,97,100,3.8,light snow,0,0
190,Beringovskiy,RU,2020-01-05 20:44:10,63.05,179.32,-7.46,79,89,16.67,overcast clouds,0,0
191,Sorland,NO,2020-01-05 20:44:11,67.67,12.69,42.8,87,40,13.87,scattered clouds,0,0
192,Dores Do Indaia,BR,2020-01-05 20:44:11,-19.46,-45.6,75.38,90,35,5.28,light rain,0,0
193,Georgetown,GY,2020-01-05 20:39:50,6.8,-58.16,86.0,61,20,6.93,few clouds,0,0
194,Petropavlovsk-Kamchatskiy,RU,2020-01-05 20:44:11,53.05,158.65,26.6,79,75,6.71,broken clouds,0,0
195,Beyneu,KZ,2020-01-05 20:40:59,45.32,55.19,27.82,75,76,4.76,broken clouds,0,0
196,Magadan,RU,2020-01-05 20:44:11,59.56,150.8,14.97,65,94,8.97,overcast clouds,0,0
197,Caldwell,US,2020-01-05 20:43:19,43.67,-116.69,39.99,82,75,8.05,broken clouds,0,0
198,Nanortalik,GL,2020-01-05 20:44:11,60.14,-45.24,26.4,70,0,11.77,clear sky,0,0
199,Codrington,AU,2020-01-05 20:44:11,-28.95,153.24,73.0,88,75,1.32,broken clouds,0,0
200,Cap Malheureux,MU,2020-01-05 20:44:11,-19.98,57.61,73.4,100,75,9.17,very heavy rain,0,0
201,Portland,US,2020-01-05 20:40:23,43.66,-70.25,33.01,63,1,13.87,clear sky,0,0
202,Ust-Maya,RU,2020-01-05 20:44:12,60.42,134.54,-7.1,98,100,5.03,light snow,0,0
203,Bacong,PH,2020-01-05 20:44:12,6.14,124.31,76.53,77,0,3.87,clear sky,0,0
204,Kirando,TZ,2020-01-05 20:44:12,-7.37,30.62,76.44,71,100,6.33,overcast clouds,0,0
205,Alikalia,SL,2020-01-05 20:44:12,9.15,-11.39,68.85,25,52,1.07,broken clouds,0,0
206,Tongliao,CN,2020-01-05 20:44:12,43.61,122.27,18.72,88,100,8.37,overcast clouds,0,0
207,Luderitz,NA,2020-01-05 20:44:12,-26.65,15.16,63.55,85,0,24.99,clear sky,0,0
208,Guerrero Negro,MX,2020-01-05 20:44:12,27.97,-114.04,72.99,23,0,7.16,clear sky,0,0
209,Kodiak,US,2020-01-05 20:40:00,39.95,-94.76,53.01,37,1,19.46,clear sky,0,0
210,Paamiut,GL,2020-01-05 20:44:12,61.99,-49.67,19.17,93,100,11.92,light snow,0,0
211,Taltal,CL,2020-01-05 20:44:12,-25.41,-70.49,65.77,68,9,5.73,clear sky,0,0
212,Yar-Sale,RU,2020-01-05 20:44:12,66.83,70.83,15.31,84,0,17.47,clear sky,0,0
213,Edd,ER,2020-01-05 20:44:13,13.93,41.69,77.0,75,0,4.14,clear sky,0,0
214,Goya,AR,2020-01-05 20:44:13,-29.14,-59.27,97.81,16,25,5.48,scattered clouds,0,0
215,Isangel,VU,2020-01-05 20:44:13,-19.55,169.27,77.0,73,80,9.17,light rain,0,0
216,Severo-Kurilsk,RU,2020-01-05 20:40:54,50.68,156.12,19.35,93,100,14.85,snow,0,0
217,Mahebourg,MU,2020-01-05 20:41:15,-20.41,57.7,73.4,100,75,9.17,heavy intensity rain,0,0
218,Henties Bay,NA,2020-01-05 20:44:13,-22.12,14.28,63.0,88,83,1.01,broken clouds,0,0
219,Lubana,CD,2020-01-05 20:44:13,0.23,29.1,63.19,97,100,2.08,light rain,0,0
220,Languyan,FR,2020-01-05 20:44:13,48.3,-3.83,45.0,87,90,9.17,overcast clouds,0,0
221,Mackenzie,CA,2020-01-05 20:44:13,55.34,-123.09,30.2,63,90,6.93,overcast clouds,0,0
222,Mount Isa,AU,2020-01-05 20:44:13,-20.73,139.49,82.4,61,40,4.7,scattered clouds,0,0
223,Norman Wells,CA,2020-01-05 20:44:14,65.28,-126.83,-31.0,73,20,4.34,few clouds,0,0
224,Leh,IN,2020-01-05 20:44:14,34.16,77.58,2.7,58,100,0.87,overcast clouds,0,0
225,Lata,IN,2020-01-05 20:44:14,30.78,78.62,13.3,71,100,5.93,overcast clouds,0,0
226,Bauchi,NG,2020-01-05 20:39:29,10.31,9.85,68.27,33,68,6.49,broken clouds,0,0
227,Yangjiang,CN,2020-01-05 20:44:14,21.85,111.96,66.42,87,96,6.38,light rain,0,0
228,Kapiri Mposhi,ZM,2020-01-05 20:44:14,-13.97,28.68,63.86,95,81,3.47,light rain,0,0
229,Riachao,BR,2020-01-05 20:44:14,-7.36,-46.62,79.59,78,66,4.5,broken clouds,0,0
230,Geraldton,CA,2020-01-05 20:44:14,49.72,-86.95,12.2,85,90,10.29,snow,0,0
231,Daru,PG,2020-01-05 20:44:14,-9.07,143.21,75.87,92,100,6.89,light rain,0,0
232,Alindao,CF,2020-01-05 20:44:14,5.04,21.21,74.28,39,31,1.5,scattered clouds,0,0
233,Aklavik,CA,2020-01-05 20:40:51,68.22,-135.01,-16.6,62,75,10.29,broken clouds,0,0
234,Chupa,PE,2020-01-05 20:44:15,-15.11,-69.99,55.4,66,40,16.11,scattered clouds,0,0
235,Zolotukhino,RU,2020-01-05 20:44:15,52.08,36.38,27.81,92,99,5.93,overcast clouds,0,0
236,Sfantu Gheorghe,RO,2020-01-05 20:44:15,44.65,26.83,35.01,59,44,9.17,scattered clouds,0,0
237,Castro Alves,BR,2020-01-05 20:44:15,-12.76,-39.43,76.15,80,100,3.18,overcast clouds,0,0
238,Balkhash,KZ,2020-01-05 20:44:15,46.84,74.98,11.46,85,0,14.07,clear sky,0,0
239,Pumiao,CN,2020-01-05 20:44:15,22.75,108.49,68.0,82,75,8.95,broken clouds,0,0
240,Pangnirtung,CA,2020-01-05 20:44:15,66.15,-65.72,-31.0,43,75,4.7,broken clouds,0,0
241,Aripuana,BR,2020-01-05 20:44:15,-9.17,-60.63,83.14,71,51,2.8,broken clouds,0,0
242,Hithadhoo,MV,2020-01-05 20:41:28,-0.6,73.08,81.48,78,100,11.25,overcast clouds,0,0
243,Rincon,PA,2020-01-05 20:44:15,8.46,-82.28,93.2,32,86,23.04,overcast clouds,0,0
244,Barrow,AR,2020-01-05 20:44:15,-38.31,-60.23,73.53,76,100,3.74,moderate rain,0,0
245,Torbay,CA,2020-01-05 20:44:16,47.66,-52.73,30.99,92,90,21.92,snow,0,0
246,Suntar,RU,2020-01-05 20:44:16,62.16,117.65,15.67,93,100,8.63,light snow,0,0
247,Mubi,NG,2020-01-05 20:44:16,10.27,13.26,63.72,31,34,4.94,scattered clouds,0,0
248,Nara,JP,2020-01-05 20:44:16,34.68,135.8,44.6,52,0,16.11,clear sky,0,0
249,Kurilsk,RU,2020-01-05 20:44:16,45.23,147.88,20.66,89,99,22.95,light snow,0,0
250,Tarko-Sale,RU,2020-01-05 20:41:49,64.92,77.78,27.0,89,100,3.0,overcast clouds,0,0
251,Castro,CL,2020-01-05 20:44:16,-42.48,-73.76,59.0,58,75,12.75,broken clouds,0,0
252,Mehamn,NO,2020-01-05 20:44:16,71.03,27.85,24.8,85,75,11.41,light shower snow,0,0
253,Aykhal,RU,2020-01-05 20:44:16,65.95,111.51,-13.0,83,100,6.71,overcast clouds,0,0
254,Feuchtwangen,DE,2020-01-05 20:44:16,49.17,10.33,37.99,100,1,3.36,mist,0,0
255,Chara,GR,2020-01-05 20:44:17,39.42,22.43,42.01,64,90,17.22,overcast clouds,0,0
256,Karoi,ZW,2020-01-05 20:44:17,-16.82,29.68,67.78,92,95,6.93,overcast clouds,0,0
257,Margate,AU,2020-01-05 20:44:17,-43.03,147.26,59.0,76,20,9.17,few clouds,0,0
258,Chicama,PE,2020-01-05 20:44:17,-7.84,-79.15,73.4,78,20,9.17,few clouds,0,0
259,Husavik,CA,2020-01-05 20:44:17,50.56,-96.99,28.99,68,37,8.01,scattered clouds,0,0
260,Mayo,CA,2020-01-05 20:44:17,63.59,-135.9,-23.8,74,75,2.24,light snow,0,0
261,Naples,IT,2020-01-05 20:44:17,40.84,14.25,51.01,26,0,16.11,clear sky,0,0
262,Ugoofaaru,MV,2020-01-05 20:44:17,5.67,73.0,81.9,80,3,12.57,clear sky,0,0
263,Namatanai,PG,2020-01-05 20:44:17,-3.66,152.44,82.56,76,88,5.79,overcast clouds,0,0
264,Kodinsk,RU,2020-01-05 20:44:17,58.6,99.18,18.95,95,97,5.99,light snow,0,0
265,Cockburn Town,TC,2020-01-05 20:44:18,21.46,-71.14,82.4,65,40,4.7,scattered clouds,0,0
266,Newport,GB,2020-01-05 20:43:07,51.59,-3.0,48.0,81,90,6.93,overcast clouds,0,0
267,Ainazi,LV,2020-01-05 20:44:18,57.86,24.36,35.51,71,100,15.73,overcast clouds,0,0
268,Buta,CD,2020-01-05 20:44:18,2.79,24.73,73.38,75,100,2.71,overcast clouds,0,0
269,Tarakan,ID,2020-01-05 20:44:18,3.3,117.63,75.15,90,100,5.03,light rain,0,0
270,Mbandaka,CD,2020-01-05 20:44:18,0.05,18.26,74.19,44,24,2.04,few clouds,0,0
271,Lasa,CY,2020-01-05 20:44:18,34.92,32.53,53.6,81,75,5.82,broken clouds,0,0
272,Omboue,GA,2020-01-05 20:44:18,-1.57,9.26,77.52,87,100,2.04,overcast clouds,0,0
273,Ayorou,NE,2020-01-05 20:44:19,14.73,0.92,67.12,21,0,9.91,clear sky,0,0
274,Sobolevo,RU,2020-01-05 20:44:19,54.43,31.9,26.76,81,16,6.55,few clouds,0,0
275,Hasaki,JP,2020-01-05 20:44:19,35.73,140.83,28.4,86,20,3.36,few clouds,0,0
276,Nampa,US,2020-01-05 20:43:00,43.57,-116.56,39.99,100,75,5.82,light rain,0,0
277,Pangai,TO,2020-01-05 20:44:19,-19.8,-174.35,82.4,69,20,11.41,few clouds,0,0
278,Qeshm,IR,2020-01-05 20:44:19,26.96,56.27,62.6,87,90,11.41,light rain,0,0
279,Tura,RU,2020-01-05 20:44:19,64.27,100.22,12.61,87,100,8.97,light snow,0,0
280,Pushkar,IN,2020-01-05 20:44:19,26.49,74.56,56.32,52,15,7.52,few clouds,0,0
281,Mayumba,GA,2020-01-05 20:44:20,-3.44,10.65,81.79,84,99,1.25,overcast clouds,0,0
282,Warrnambool,AU,2020-01-05 20:44:20,-38.38,142.48,54.0,90,0,11.59,clear sky,0,0
283,Turbat,PK,2020-01-05 20:44:20,26.0,63.05,67.39,72,91,7.07,overcast clouds,0,0
284,Nemuro,JP,2020-01-05 20:44:20,43.32,145.57,26.94,66,49,25.9,scattered clouds,0,0
285,Chuguyevka,RU,2020-01-05 20:44:20,44.17,133.87,0.75,91,0,0.51,clear sky,0,0
286,Tiznit,MA,2020-01-05 20:44:20,29.7,-9.73,52.34,73,0,1.23,clear sky,0,0
287,Qaqortoq,GL,2020-01-05 20:44:20,60.72,-46.03,15.8,61,20,6.93,few clouds,0,0
288,Los Llanos De Aridane,ES,2020-01-05 20:44:20,28.66,-17.92,64.4,63,20,9.17,few clouds,0,0
289,Fez,MA,2020-01-05 20:44:20,34.03,-5.02,44.6,87,0,9.17,clear sky,0,0
290,Kikwit,CD,2020-01-05 20:44:20,-5.04,18.82,71.71,93,100,1.7,overcast clouds,0,0
291,Shingu,JP,2020-01-05 20:44:20,33.72,135.99,42.87,68,0,5.64,clear sky,0,0
292,Nokha,IN,2020-01-05 20:44:20,27.56,73.47,60.96,40,69,8.28,broken clouds,0,0
293,La Grande,US,2020-01-05 20:44:21,45.32,-118.09,48.0,69,75,14.99,broken clouds,0,0
294,Rantauprapat,ID,2020-01-05 20:44:21,2.1,99.83,71.15,98,97,0.51,overcast clouds,0,0
295,Havoysund,NO,2020-01-05 20:44:21,71.0,24.66,26.6,63,20,19.46,few clouds,0,0
296,Pilar,AR,2020-01-05 20:44:21,-34.46,-58.91,89.01,42,80,6.93,broken clouds,0,0
297,Cervo,BR,2020-01-05 20:44:21,-22.19,-46.24,78.8,74,20,2.51,few clouds,0,0
298,Marawi,PH,2020-01-05 20:44:21,8.0,124.29,71.01,90,33,7.0,scattered clouds,0,0
299,Sedalia,US,2020-01-05 20:39:35,38.7,-93.23,55.4,32,0,13.87,clear sky,0,0
300,Wadi Maliz,TN,2020-01-05 20:44:21,36.47,8.55,55.4,76,40,4.7,scattered clouds,0,0
301,Bacolod,PH,2020-01-05 20:44:21,10.68,122.95,73.81,83,12,6.69,few clouds,0,0
302,Ancud,CL,2020-01-05 20:44:22,-41.87,-73.83,59.0,58,75,12.75,broken clouds,0,0
303,Caruray,PH,2020-01-05 20:44:22,10.31,119.01,81.12,80,77,23.85,light rain,0,0
304,Tazmalt,DZ,2020-01-05 20:44:22,36.39,4.4,46.4,87,20,4.7,few clouds,0,0
305,Libertador General San Martin,AR,2020-01-05 20:44:22,-23.81,-64.79,89.17,34,9,6.51,clear sky,0,0
306,Ahipara,NZ,2020-01-05 20:44:22,-35.17,173.16,64.99,100,100,3.0,light rain,0,0
307,Bandarbeyla,SO,2020-01-05 20:44:22,9.49,50.81,78.48,81,100,10.02,overcast clouds,0,0
308,Farroupilha,BR,2020-01-05 20:39:52,-29.22,-51.34,90.0,53,99,8.01,overcast clouds,0,0
309,Saint-Francois,FR,2020-01-05 20:44:22,46.42,3.91,32.0,94,0,2.44,clear sky,0,0
310,Constitucion,MX,2020-01-05 20:44:22,23.99,-104.67,63.0,13,5,3.36,clear sky,0,0
311,Saint-Philippe,CA,2020-01-05 20:44:23,45.36,-73.48,21.99,62,75,14.99,broken clouds,0,0
312,Nantucket,US,2020-01-05 20:44:23,41.28,-70.1,37.99,59,90,23.04,overcast clouds,0,0
313,Motala,IN,2020-01-05 20:44:23,20.68,76.21,60.08,52,0,7.45,clear sky,0,0
314,Plettenberg Bay,ZA,2020-01-05 20:44:23,-34.05,23.37,67.8,83,100,3.78,light rain,0,0
315,Lavrentiya,RU,2020-01-05 20:44:23,65.58,-170.99,-12.98,87,19,8.32,few clouds,0,0
316,Kloulklubed,PW,2020-01-05 20:44:23,7.04,134.26,78.8,94,90,6.93,light intensity shower rain,0,0
317,Kozan,TR,2020-01-05 20:44:23,37.45,35.82,46.99,100,90,4.7,overcast clouds,0,0
318,Boralday,KZ,2020-01-05 20:44:23,43.36,76.86,17.6,92,90,4.47,fog,0,0
319,Havre-Saint-Pierre,CA,2020-01-05 20:44:24,50.23,-63.6,17.6,67,75,11.41,broken clouds,0,0
320,Camacha,PT,2020-01-05 20:44:24,33.08,-16.33,62.6,72,40,10.29,scattered clouds,0,0
321,Menongue,AO,2020-01-05 20:42:40,-14.66,17.68,63.59,92,92,3.4,overcast clouds,0,0
322,Champerico,MX,2020-01-05 20:44:24,16.38,-93.6,78.8,47,40,14.99,scattered clouds,0,0
323,Ojinaga,US,2020-01-05 20:44:24,29.56,-104.41,66.0,25,1,3.36,clear sky,0,0
324,Labuan,BN,2020-01-05 20:44:24,5.28,115.24,80.6,74,75,6.93,broken clouds,0,0
325,Mahenge,TZ,2020-01-05 20:44:24,-8.68,36.72,73.62,83,100,0.54,light rain,0,0
326,Nizhniy Kuranakh,RU,2020-01-05 20:44:24,58.84,125.49,12.34,91,100,6.02,overcast clouds,0,0
327,Brownsville,US,2020-01-05 20:44:24,25.91,-97.49,75.99,36,1,13.87,clear sky,0,0
328,Baykit,RU,2020-01-05 20:44:24,61.68,96.39,9.34,96,100,4.05,overcast clouds,0,0
329,Baracoa,CU,2020-01-05 20:44:24,20.35,-74.5,79.07,68,0,10.63,clear sky,0,0
330,Forbes,AU,2020-01-05 20:40:10,-33.38,148.01,72.0,53,100,3.0,overcast clouds,0,0
331,Itacare,BR,2020-01-05 20:39:45,-14.28,-39.0,84.2,83,20,9.17,few clouds,0,0
332,San Cristobal,HN,2020-01-05 20:44:25,14.68,-86.92,69.13,77,96,10.8,overcast clouds,0,0
333,Nome,US,2020-01-05 20:44:25,30.04,-94.42,75.2,36,1,11.41,clear sky,0,0
334,Laguna,BZ,2020-01-05 20:44:25,16.17,-88.94,73.4,73,75,6.93,broken clouds,0,0
335,Ola,RU,2020-01-05 20:44:25,59.58,151.3,11.08,66,72,5.46,broken clouds,0,0
336,Tiarei,PF,2020-01-05 20:44:25,-17.53,-149.33,86.0,74,20,5.82,few clouds,0,0
337,Padang,ID,2020-01-05 20:44:25,-0.92,100.36,68.95,85,13,6.17,few clouds,0,0
338,Kavali,IN,2020-01-05 20:44:25,14.91,79.99,75.87,84,3,7.94,light rain,0,0
339,Kosa,JP,2020-01-05 20:44:25,32.67,130.82,42.01,70,0,8.99,clear sky,0,0
340,Dalbandin,PK,2020-01-05 20:44:26,28.9,64.41,58.46,78,100,10.83,light rain,0,0
341,Snezhnogorsk,RU,2020-01-05 20:44:26,69.19,33.23,15.8,72,61,4.47,broken clouds,0,0
342,Green Valley,US,2020-01-05 20:44:26,40.41,-89.64,50.0,53,1,10.29,clear sky,0,0
343,Sao Raimundo Das Mangabeiras,BR,2020-01-05 20:44:26,-7.02,-45.48,80.49,73,63,2.46,broken clouds,0,0
344,Port Hawkesbury,CA,2020-01-05 20:44:26,45.62,-61.36,28.99,92,90,13.87,snow,0,0
345,Jizan,SA,2020-01-05 20:44:26,16.89,42.56,82.4,65,20,9.17,few clouds,0,0
346,Port Lincoln,AU,2020-01-05 20:44:26,-34.72,135.86,61.3,76,78,10.56,broken clouds,0,0
347,Dunedin,NZ,2020-01-05 20:42:37,-45.87,170.5,55.0,54,39,30.0,light rain,0,0
348,Caarapo,BR,2020-01-05 20:44:27,-22.63,-54.82,86.61,55,14,3.91,few clouds,0,0
349,Chaparral,CO,2020-01-05 20:44:27,3.72,-75.48,78.49,64,100,5.17,overcast clouds,0,0
350,Airai,TL,2020-01-05 20:44:27,-8.93,125.41,69.42,84,100,5.26,overcast clouds,0,0
351,Talcahuano,CL,2020-01-05 20:44:27,-36.72,-73.12,66.2,55,0,19.46,clear sky,0,0
352,Ust-Nera,RU,2020-01-05 20:44:27,64.57,143.24,-19.82,100,92,1.66,overcast clouds,0,0
353,Nabire,ID,2020-01-05 20:44:27,-3.36,135.5,71.8,96,81,1.79,broken clouds,0,0
354,Izumo,JP,2020-01-05 20:44:27,35.37,132.75,39.2,93,75,3.36,broken clouds,0,0
355,Port Blair,IN,2020-01-05 20:44:27,11.67,92.75,80.74,78,0,13.67,clear sky,0,0
356,Lovozero,RU,2020-01-05 20:44:27,68.01,35.02,12.22,78,49,8.32,scattered clouds,0,0
357,Lewisville,US,2020-01-05 20:44:27,33.05,-96.99,72.0,26,1,6.93,clear sky,0,0
358,Jiexiu,CN,2020-01-05 20:44:27,37.02,111.92,23.81,96,81,1.32,broken clouds,0,0
359,Kahului,US,2020-01-05 20:44:29,20.89,-156.47,80.6,61,20,18.34,few clouds,0,0
360,Misratah,LY,2020-01-05 20:44:29,32.38,15.09,61.54,69,72,27.09,light rain,0,0
361,Fairbanks,US,2020-01-05 20:40:45,64.84,-147.72,-22.0,65,91,2.08,haze,0,0
362,Hay River,CA,2020-01-05 20:41:56,60.82,-115.79,-18.4,75,75,5.82,broken clouds,0,0
363,Marsa Matruh,EG,2020-01-05 20:44:29,31.35,27.25,61.52,60,37,26.51,scattered clouds,0,0
364,Tautira,PF,2020-01-05 20:44:29,-17.73,-149.15,86.0,74,20,5.82,few clouds,0,0
365,Sibolga,ID,2020-01-05 20:44:29,1.74,98.78,68.79,94,8,4.03,clear sky,0,0
366,Tazovskiy,RU,2020-01-05 20:44:29,67.47,78.7,14.52,91,17,16.73,few clouds,0,0
367,Pangody,RU,2020-01-05 20:44:29,65.85,74.49,13.28,92,17,13.58,few clouds,0,0
368,Iqaluit,CA,2020-01-05 20:44:29,63.75,-68.52,-22.0,67,90,4.7,light snow,0,0
369,Ako,JP,2020-01-05 20:44:29,34.79,134.38,35.01,83,9,3.67,clear sky,0,0
370,Vestmannaeyjar,IS,2020-01-05 20:44:30,63.44,-20.27,43.03,70,100,19.98,light rain,0,0
371,Hervey Bay,AU,2020-01-05 20:44:30,-25.3,152.85,79.0,78,75,4.7,broken clouds,0,0
372,Vavuniya,LK,2020-01-05 20:44:30,8.76,80.5,72.55,98,62,2.66,broken clouds,0,0
373,Taksimo,RU,2020-01-05 20:44:30,56.36,114.84,-8.28,93,18,1.86,few clouds,0,0
374,Muroto,JP,2020-01-05 20:44:30,33.37,134.14,36.45,68,18,4.88,few clouds,0,0
375,Norway,US,2020-01-05 20:44:30,45.79,-87.9,30.2,86,90,10.29,light rain,0,0
376,Aykino,RU,2020-01-05 20:44:30,62.22,49.99,17.8,95,100,5.46,light snow,0,0
377,Vostok,RU,2020-01-05 20:44:30,46.45,135.83,-5.44,98,90,3.24,overcast clouds,0,0
378,Sabha,LY,2020-01-05 20:44:30,27.03,14.43,48.22,29,0,7.85,clear sky,0,0
379,Khovu-Aksy,RU,2020-01-05 20:44:31,51.13,93.72,-1.77,85,2,7.34,clear sky,0,0
380,Rio Claro,BR,2020-01-05 20:40:07,-22.41,-47.56,84.99,61,68,1.01,light rain,0,0
381,Grand Island,US,2020-01-05 20:40:32,40.92,-98.34,46.4,45,1,17.22,clear sky,0,0
382,Harper,US,2020-01-05 20:44:31,30.3,-99.24,73.99,19,1,5.82,clear sky,0,0
383,Kirakira,SB,2020-01-05 20:44:31,-10.46,161.92,80.55,85,100,7.85,overcast clouds,0,0
384,Koumac,NC,2020-01-05 20:44:31,-20.56,164.28,76.06,71,25,5.12,scattered clouds,0,0
385,Road Town,VG,2020-01-05 20:39:53,18.42,-64.62,82.4,65,20,3.36,few clouds,0,0
386,Alofi,NU,2020-01-05 20:44:31,-19.06,-169.92,82.4,78,40,14.99,scattered clouds,0,0
387,Kruisfontein,ZA,2020-01-05 20:44:31,-34.0,24.73,65.17,83,100,5.23,light rain,0,0
388,Aranos,NA,2020-01-05 20:44:31,-24.14,19.11,86.02,30,88,5.79,light rain,0,0
389,Awjilah,LY,2020-01-05 20:44:32,29.14,21.3,50.79,48,0,12.62,clear sky,0,0
390,San Carlos,NI,2020-01-05 20:44:32,11.12,-84.78,75.0,1,50,9.62,light rain,0,0
391,Faya,SA,2020-01-05 20:44:32,18.39,42.45,59.0,82,20,4.7,few clouds,0,0
392,Boa Vista,BR,2020-01-05 20:44:32,2.82,-60.67,93.2,38,40,12.75,scattered clouds,0,0
393,Mersing,MY,2020-01-05 20:44:32,2.43,103.84,79.54,82,92,20.47,light rain,0,0
394,Si Racha,TH,2020-01-05 20:44:32,13.17,100.93,84.99,100,0,2.19,clear sky,0,0
395,Puerto Madero,AR,2020-01-05 20:44:32,-34.61,-58.36,89.01,45,38,5.82,scattered clouds,0,0
396,Bontang,ID,2020-01-05 20:44:32,0.12,117.47,75.11,89,100,3.22,light rain,0,0
397,Biryusinsk,RU,2020-01-05 20:44:32,55.96,97.82,25.65,96,100,7.61,light snow,0,0
398,Sao Filipe,CV,2020-01-05 20:44:32,14.9,-24.5,70.7,67,32,16.08,scattered clouds,0,0
399,Bara,NG,2020-01-05 20:44:32,10.41,10.6,70.47,31,63,7.47,broken clouds,0,0
400,Amberley,NZ,2020-01-05 20:44:33,-43.15,172.73,73.0,45,0,5.82,clear sky,0,0
401,Katangli,RU,2020-01-05 20:44:33,51.71,143.23,19.83,94,100,5.7,light snow,0,0
402,Prince George,CA,2020-01-05 20:40:28,53.92,-122.75,32.0,74,90,11.41,overcast clouds,0,0
403,Jiangyou,CN,2020-01-05 20:44:33,31.78,104.73,33.4,90,58,2.17,broken clouds,0,0
404,Shenjiamen,CN,2020-01-05 20:44:33,29.96,122.3,60.03,90,33,15.99,scattered clouds,0,0
405,Pangkalanbuun,ID,2020-01-05 20:44:33,-2.68,111.62,74.75,97,100,1.83,overcast clouds,0,0
406,Voh,NC,2020-01-05 20:44:33,-20.95,164.69,76.96,73,1,7.29,clear sky,0,0
407,Balaipungut,ID,2020-01-05 20:44:33,1.11,101.31,72.52,95,2,2.21,clear sky,0,0
408,Port Hedland,AU,2020-01-05 20:44:33,-20.31,118.58,84.2,74,75,11.41,broken clouds,0,0
409,Saquena,PE,2020-01-05 20:44:33,-4.67,-73.52,91.83,42,79,4.52,broken clouds,0,0
410,Tanout,NE,2020-01-05 20:44:33,14.97,8.88,60.71,23,0,12.77,clear sky,0,0
411,Sept-Iles,CA,2020-01-05 20:40:51,50.2,-66.38,17.6,57,75,12.75,broken clouds,0,0
412,Mandalgovi,MN,2020-01-05 20:44:34,45.76,106.27,4.14,94,0,10.56,clear sky,0,0
413,Tilichiki,RU,2020-01-05 20:44:34,60.47,166.1,-11.27,63,0,6.96,clear sky,0,0
414,Toktogul,KG,2020-01-05 20:44:34,41.87,72.95,10.85,36,100,3.98,overcast clouds,0,0
415,Pontianak,ID,2020-01-05 20:44:34,-0.02,109.34,73.0,98,57,0.85,broken clouds,0,0
416,Naze,NG,2020-01-05 20:44:34,5.43,7.07,77.0,73,82,4.21,dust,0,0
417,Kargasok,RU,2020-01-05 20:44:34,59.06,80.87,9.86,94,91,8.86,overcast clouds,0,0
418,Skelleftea,SE,2020-01-05 20:44:34,64.75,20.95,30.2,92,100,8.05,snow,0,0
419,Prince Rupert,CA,2020-01-05 20:41:14,54.32,-130.32,39.2,69,40,11.41,scattered clouds,0,0
420,Isabela,PH,2020-01-05 20:44:34,10.2,122.99,69.71,96,44,8.08,light rain,0,0
421,Doha,QA,2020-01-05 20:40:05,25.29,51.53,62.6,77,100,8.05,overcast clouds,0,0
422,Pushkinskiye Gory,RU,2020-01-05 20:44:35,57.02,28.91,27.59,88,71,3.94,broken clouds,0,0
423,Paulo Ramos,BR,2020-01-05 20:44:35,-4.45,-45.24,78.28,90,100,0.25,moderate rain,0,0
424,Richards Bay,ZA,2020-01-05 20:44:35,-28.77,32.06,79.36,87,0,21.59,clear sky,0,0
425,Nadym,RU,2020-01-05 20:44:35,65.53,72.51,12.99,90,0,12.08,clear sky,0,0
426,High Level,CA,2020-01-05 20:44:35,58.52,-117.13,-9.4,83,90,5.82,light snow,0,0
427,Ketchikan,US,2020-01-05 20:43:03,55.34,-131.65,35.6,83,90,5.82,overcast clouds,0,0
428,Kushiro,JP,2020-01-05 20:44:35,43.11,144.15,21.43,63,0,11.81,clear sky,0,0
429,Meppel,NL,2020-01-05 20:44:35,52.69,6.2,44.01,93,75,12.75,broken clouds,0,0
430,Lebu,ET,2020-01-05 20:44:35,8.96,38.73,59.0,72,40,5.82,scattered clouds,0,0
431,Vanimo,PG,2020-01-05 20:44:35,-2.67,141.3,81.59,84,100,23.76,moderate rain,0,0
432,Juneau,US,2020-01-05 20:40:16,58.3,-134.42,21.2,92,20,2.93,few clouds,0,0
433,Kaeo,NZ,2020-01-05 20:44:36,-35.1,173.78,68.0,100,100,3.0,light rain,0,0
434,Santiago Del Estero,AR,2020-01-05 20:44:36,-27.8,-64.26,100.02,20,0,11.81,clear sky,0,0
435,Nyurba,RU,2020-01-05 20:44:36,63.29,118.35,-5.06,99,95,2.13,light snow,0,0
436,Hoa Binh,VN,2020-01-05 20:44:36,20.81,105.34,68.0,94,40,8.05,mist,0,0
437,Patacamaya,BO,2020-01-05 20:44:36,-17.23,-67.92,57.96,44,93,2.71,light rain,0,0
438,Fatehgarh Churian,IN,2020-01-05 20:44:36,31.86,74.96,50.0,93,75,2.24,light rain,0,0
439,Nambucca Heads,AU,2020-01-05 20:44:36,-30.64,152.99,73.0,83,90,10.29,overcast clouds,0,0
440,Hanzhong,CN,2020-01-05 20:44:36,33.08,107.03,39.45,92,100,4.05,light rain,0,0
441,Redmond,US,2020-01-05 20:44:29,47.67,-122.12,46.4,87,20,13.87,light rain,0,0
442,Ushumun,RU,2020-01-05 20:44:37,52.78,126.54,-17.03,98,52,3.42,broken clouds,0,0
443,Launceston,AU,2020-01-05 20:40:25,-41.43,147.14,55.99,87,90,2.42,overcast clouds,0,0
444,Dzaoudzi,YT,2020-01-05 20:44:37,-12.79,45.27,82.4,78,100,2.24,overcast clouds,0,0
445,Middelburg,NL,2020-01-05 20:44:37,51.5,3.61,46.4,93,100,14.99,overcast clouds,0,0
446,Broome,GB,2020-01-05 20:44:37,52.47,1.45,46.4,87,75,11.41,broken clouds,0,0
447,Madang,CN,2020-01-05 20:44:37,35.32,102.79,20.34,75,100,1.1,overcast clouds,0,0
448,Deloraine,AU,2020-01-05 20:44:37,-41.53,146.66,61.0,87,90,1.43,overcast clouds,0,0
449,Rongcheng,CN,2020-01-05 20:44:37,37.16,122.42,41.32,92,100,13.76,light rain,0,0
450,Oktyabrskiy,RU,2020-01-05 20:44:38,55.61,37.97,33.8,64,75,6.71,broken clouds,0,0
451,Bithur,IN,2020-01-05 20:44:38,26.68,80.34,53.6,93,20,2.24,mist,0,0
452,Riachao Do Jacuipe,BR,2020-01-05 20:44:38,-11.81,-39.39,78.76,73,100,5.08,overcast clouds,0,0
453,Choix,MX,2020-01-05 20:44:38,26.71,-108.33,78.71,19,34,4.74,scattered clouds,0,0
454,Straumen,NO,2020-01-05 20:44:38,63.87,11.3,45.0,87,75,21.92,light rain,0,0
455,Shelburne,CA,2020-01-05 20:44:38,44.08,-80.2,34.0,80,90,4.9,overcast clouds,0,0
456,Waipawa,NZ,2020-01-05 20:43:29,-39.94,176.59,62.01,60,0,11.99,clear sky,0,0
457,Ilulissat,GL,2020-01-05 20:44:38,69.22,-51.1,8.6,65,40,8.05,scattered clouds,0,0
458,Opelousas,US,2020-01-05 20:44:38,30.53,-92.08,69.01,55,1,10.29,clear sky,0,0
459,Calbuco,CL,2020-01-05 20:44:39,-41.77,-73.13,57.2,76,75,12.75,broken clouds,0,0
460,Wenling,CN,2020-01-05 20:44:39,28.38,121.38,57.38,94,80,2.24,broken clouds,0,0
461,Bayji,IQ,2020-01-05 20:44:39,34.93,43.49,50.74,66,76,2.33,broken clouds,0,0
462,Atikokan,CA,2020-01-05 20:44:39,48.76,-91.62,22.33,87,100,14.81,light snow,0,0
463,Eyl,SO,2020-01-05 20:44:39,7.98,49.82,78.37,84,49,12.3,scattered clouds,0,0
464,Kofele,ET,2020-01-05 20:44:39,7.07,38.78,54.07,84,57,1.81,broken clouds,0,0
465,Ambilobe,MG,2020-01-05 20:44:39,-13.19,49.05,78.42,86,100,1.59,overcast clouds,0,0
466,Zaykovo,RU,2020-01-05 20:44:39,57.56,62.76,22.23,93,30,8.88,scattered clouds,0,0
467,Rupert,US,2020-01-05 20:44:39,42.62,-113.68,28.4,79,90,3.36,overcast clouds,0,0
468,Katobu,ID,2020-01-05 20:41:13,-4.94,122.53,75.96,92,100,3.4,overcast clouds,0,0
469,Hermiston,US,2020-01-05 20:44:40,45.84,-119.29,51.01,46,90,10.29,light intensity drizzle,0,0
470,Imeni Morozova,RU,2020-01-05 20:44:40,59.98,31.04,24.01,79,67,2.24,broken clouds,0,0
471,Pemba,MZ,2020-01-05 20:44:40,-12.97,40.52,80.6,88,75,6.93,broken clouds,0,0
472,Praya,ID,2020-01-05 20:44:40,-8.71,116.27,78.8,83,40,2.24,scattered clouds,0,0
473,La Ronge,CA,2020-01-05 20:44:40,55.1,-105.3,5.0,65,20,8.05,few clouds,0,0
474,Talnakh,RU,2020-01-05 20:44:40,69.49,88.39,23.0,92,75,29.08,shower snow,0,0
475,Hilton Head Island,US,2020-01-05 20:42:27,32.16,-80.75,57.99,53,1,11.41,clear sky,0,0
476,Banjarmasin,ID,2020-01-05 20:44:40,-3.32,114.59,75.2,100,90,3.36,thunderstorm,0,0
477,Svirstroy,RU,2020-01-05 20:44:41,60.8,33.72,16.77,86,0,2.26,clear sky,0,0
478,Hede,SE,2020-01-05 20:44:41,60.45,15.49,37.4,93,100,11.41,overcast clouds,0,0
479,Shagonar,RU,2020-01-05 20:44:41,51.54,92.92,-18.18,96,51,0.96,broken clouds,0,0
480,Sabang,PH,2020-01-05 20:44:41,13.8,121.11,79.0,71,8,7.0,clear sky,0,0
481,Magugu,TZ,2020-01-05 20:44:41,-4.02,35.77,66.9,85,62,3.04,light rain,0,0
482,Khakhea,BW,2020-01-05 20:44:41,-24.69,23.5,86.02,32,100,6.26,overcast clouds,0,0
483,Indio,US,2020-01-05 20:44:41,33.72,-116.22,73.0,32,1,0.58,clear sky,0,0
484,Reitz,ZA,2020-01-05 20:44:42,-27.8,28.43,66.83,70,15,14.72,few clouds,0,0
485,Baruun-Urt,MN,2020-01-05 20:44:42,46.68,113.28,3.25,90,100,6.06,overcast clouds,0,0
486,Saint-Pierre,FR,2020-01-05 20:44:42,48.95,4.24,39.2,93,0,4.7,clear sky,0,0
487,Bossangoa,CF,2020-01-05 20:44:42,6.5,17.45,72.57,28,0,3.78,clear sky,0,0
488,Yulara,AU,2020-01-05 20:44:42,-25.24,130.99,62.6,93,90,8.05,overcast clouds,0,0
489,Villa Carlos Paz,AR,2020-01-05 20:44:42,-31.42,-64.5,96.01,32,20,16.11,few clouds,0,0
490,Kryvyy Rih,UA,2020-01-05 20:44:42,47.92,33.35,32.0,95,88,4.47,mist,0,0
491,Tikrit,IQ,2020-01-05 20:44:42,34.62,43.68,51.28,64,16,4.47,few clouds,0,0
492,Kamenka,MD,2020-01-05 20:44:42,48.03,28.7,34.0,85,99,6.85,light snow,0,0
493,Moron,HT,2020-01-05 20:44:42,18.56,-74.26,79.45,74,33,18.92,scattered clouds,0,0
494,Praia Da Vitoria,PT,2020-01-05 20:44:43,38.73,-27.07,64.4,88,40,23.11,scattered clouds,0,0
495,Coquimbo,CL,2020-01-05 20:44:43,-29.95,-71.34,68.0,68,75,9.17,broken clouds,0,0
496,Bouna,CI,2020-01-05 20:44:43,9.27,-3.0,75.16,21,0,4.99,clear sky,0,0
497,Iralaya,HN,2020-01-05 20:41:08,15.0,-83.23,81.12,77,45,18.23,light rain,0,0
498,Cedar City,US,2020-01-05 20:44:43,37.68,-113.06,48.0,56,1,6.93,clear sky,0,0
499,Pirovskoye,RU,2020-01-05 20:44:43,57.63,92.27,24.51,94,99,7.87,light snow,0,0
500,Santa Vitoria Do Palmar,BR,2020-01-05 20:44:43,-33.52,-53.37,75.31,63,0,13.76,clear sky,0,0
501,Challapata,BO,2020-01-05 20:44:43,-18.9,-66.78,59.25,38,2,11.92,clear sky,0,0
502,Pokrovsk,RU,2020-01-05 20:44:43,61.48,129.14,-2.6,98,100,1.79,light snow,0,0
503,Ariquemes,BR,2020-01-05 20:44:43,-9.91,-63.03,79.45,94,89,3.87,light rain,0,0
504,Teya,MX,2020-01-05 20:41:02,21.05,-89.07,79.0,50,75,4.7,broken clouds,0,0
505,Bowen,AU,2020-01-05 20:44:44,-20.01,148.25,75.0,88,90,7.07,overcast clouds,0,0
506,Vakhsh,TJ,2020-01-05 20:44:44,37.72,68.84,42.8,81,90,11.18,light intensity shower rain,0,0
507,Angoche,MZ,2020-01-05 20:44:44,-16.23,39.91,78.98,85,100,2.35,overcast clouds,0,0
508,Coutances,FR,2020-01-05 20:44:44,49.05,-1.45,45.0,81,75,8.05,broken clouds,0,0
509,Reading,US,2020-01-05 20:44:44,40.34,-75.93,39.99,51,90,16.11,overcast clouds,0,0
510,Chumikan,RU,2020-01-05 20:44:44,54.72,135.31,-7.83,84,0,4.59,clear sky,0,0
511,Nanakuli,US,2020-01-05 20:42:53,21.39,-158.15,78.8,83,75,15.48,light rain,0,0
512,Mugur-Aksy,RU,2020-01-05 20:44:44,50.38,90.44,-5.51,66,0,4.32,clear sky,0,0
513,Praia,BR,2020-01-05 20:44:44,-20.25,-43.81,80.6,65,72,5.82,light rain,0,0
514,Beipiao,CN,2020-01-05 20:44:45,41.8,120.76,21.92,92,100,5.46,overcast clouds,0,0
515,Arlit,NE,2020-01-05 20:44:45,18.74,7.39,60.28,21,0,8.97,clear sky,0,0
516,Nizhniy Tsasuchey,RU,2020-01-05 20:44:45,50.52,115.13,10.8,95,100,7.87,light snow,0,0
517,Zhuanghe,CN,2020-01-05 20:44:45,39.7,122.97,30.99,66,100,1.01,overcast clouds,0,0
518,Pozoblanco,ES,2020-01-05 20:44:45,38.38,-4.85,42.8,87,0,1.39,clear sky,0,0
519,Nanjing,CN,2020-01-05 20:44:45,32.06,118.79,55.0,93,100,2.24,light rain,0,0
520,Mapiripan,CO,2020-01-05 20:44:45,2.89,-72.13,89.08,47,85,8.41,overcast clouds,0,0
521,Mandali,IQ,2020-01-05 20:44:45,33.75,45.55,54.14,48,32,7.36,scattered clouds,0,0
522,Kaoma,ZM,2020-01-05 20:44:45,-14.8,24.8,68.02,94,100,7.63,moderate rain,0,0
523,Vitim,RU,2020-01-05 20:44:45,59.44,112.57,12.65,92,100,11.68,light snow,0,0
524,Lloydminster,CA,2020-01-05 20:40:21,53.28,-110.01,23.0,57,20,11.41,few clouds,0,0
525,Moose Factory,CA,2020-01-05 20:44:46,51.26,-80.61,6.8,84,90,2.24,light snow,0,0
526,Pitimbu,BR,2020-01-05 20:44:46,-7.47,-34.81,82.4,74,40,11.41,scattered clouds,0,0
527,Tahoua,NE,2020-01-05 20:44:46,14.89,5.26,68.0,19,5,9.17,clear sky,0,0
528,Necochea,AR,2020-01-05 20:44:46,-38.55,-58.74,69.01,84,92,8.01,overcast clouds,0,0
529,Camalu,MX,2020-01-05 20:44:46,30.85,-116.07,71.11,34,0,6.13,clear sky,0,0
530,Maniitsoq,GL,2020-01-05 20:44:46,65.42,-52.9,9.97,98,100,36.26,light snow,0,0
531,Hambantota,LK,2020-01-05 20:44:46,6.12,81.12,79.54,80,13,20.83,few clouds,0,0
532,Lagdo,CM,2020-01-05 20:44:46,9.06,13.67,68.0,42,0,4.29,dust,0,0
533,Barbate,ES,2020-01-05 20:42:34,36.19,-5.92,59.0,66,0,11.41,clear sky,0,0
534,Lebyazhye,RU,2020-01-05 20:44:46,59.96,29.42,24.01,79,98,2.24,overcast clouds,0,0
535,Rudnichnyy,RU,2020-01-05 20:44:47,59.7,60.29,18.91,90,100,4.94,overcast clouds,0,0
536,Atar,MR,2020-01-05 20:44:47,20.52,-13.05,56.75,22,0,8.41,clear sky,0,0
537,Tevaitoa,PF,2020-01-05 20:44:47,-16.78,-151.5,81.39,76,53,9.42,broken clouds,0,0
538,Kalmunai,LK,2020-01-05 20:44:47,7.42,81.82,81.12,77,12,13.13,light rain,0,0
539,Sao Joao Da Barra,BR,2020-01-05 20:44:47,-21.64,-41.05,82.4,78,75,9.17,broken clouds,0,0
540,Kingman,US,2020-01-05 20:43:01,35.19,-114.05,63.0,20,1,16.11,clear sky,0,0
541,Arawa,ID,2020-01-05 20:44:47,-3.93,119.75,75.74,93,100,3.13,light rain,0,0
542,Celestun,MX,2020-01-05 20:44:48,20.87,-90.4,72.45,66,7,15.3,clear sky,0,0
543,Swellendam,ZA,2020-01-05 20:40:40,-34.02,20.44,68.0,64,100,5.82,overcast clouds,0,0
544,Papagaios,BR,2020-01-05 20:44:48,-19.45,-44.75,73.09,92,82,5.64,moderate rain,0,0
545,Bloemfontein,ZA,2020-01-05 20:44:48,-29.12,26.22,80.6,47,81,10.29,broken clouds,0,0
546,Picota,PE,2020-01-05 20:44:48,-6.92,-76.33,62.6,100,40,9.17,scattered clouds,0,0
547,Usinsk,RU,2020-01-05 20:44:48,66.0,57.56,8.56,95,11,11.59,few clouds,0,0
